Código;Nome;Turmas;Discentes;Cancelamentos;Reprovações Média;Reprovações Nota;Reprovações Falta;Reprovações Média e Falta;Reprovações Nota e Falta;Trancamentos;Total Insucesso;Semestre;Departamento;Curso
ADM0014;ADMINISTRAÇÃO PÚBLICA E GESTÃO SOCIAL;1;1;0;0;0;0;0;0;0;0;2023-2;ADM;Software
FGA0038;AERODINÂMICA DE SISTEMAS AEROESPACIAIS;1;1;0;0;0;0;0;0;1;1;2023-2;FGA;Software
FUP0545;AGRICULTURA E MEIO AMBIENTE;1;1;0;1;0;0;0;0;0;1;2023-2;FUP;Software
FUP0161;AGROECOLOGIA;1;1;0;0;0;1;0;0;0;1;2023-2;FUP;Software
MAT0039;ALGEBRA LINEAR;1;1;0;0;0;0;0;0;0;0;2023-2;MAT;Software
CIC0004;ALGORITMOS E PROGRAMAÇÃO DE COMPUTADORES;6;249;2;71;0;26;0;0;19;118;2023-2;CIC;Software
FGA0083;APRENDIZADO DE MÁQUINA;1;35;3;2;0;3;0;0;15;23;2023-2;FGA;Software
FGA0208;ARQUITETURA E DESENHO DE SOFTWARE;1;80;1;2;0;2;0;0;0;5;2023-2;FGA;Software
FDD0258;ATUALIZAÇÃO E PRÁTICA DO DIREITO 5;1;1;0;0;0;0;0;0;1;1;2023-2;FDD;Software
FUP0561;AUDITORIA, PERÍCIA E CERTIFICAÇÃO AMBIENTAL;1;1;0;1;0;0;0;0;0;1;2023-2;FUP;Software
CIC0097;BANCOS DE DADOS;1;1;0;0;0;0;0;0;0;0;2023-2;CIC;Software
MAT0025;CÁLCULO 1;8;306;5;103;0;29;0;0;12;149;2023-2;MAT;Software
MAT0137;CÁLCULO 1 - SEMIPRESENCIAL;4;5;1;1;0;1;0;0;1;4;2023-2;MAT;Software
MAT0026;CÁLCULO 2;13;151;7;36;0;2;0;0;23;68;2023-2;MAT;Software
MAT0027;CÁLCULO 3;2;5;0;1;0;0;0;0;0;1;2023-2;MAT;Software
ADM0192;CALCULO FINANCEIRO;1;1;0;0;0;0;0;0;0;0;2023-2;ADM;Software
MUS0139;CANTO CORAL 1;1;1;0;0;0;0;0;0;0;0;2023-2;MUS;Software
MUS0142;CANTO CORAL 2;1;1;1;0;0;0;0;0;0;1;2023-2;MUS;Software
FGA0254;CIÊNCIAS AEROESPACIAIS;1;1;0;0;0;0;0;0;0;0;2023-2;FGA;Software
FGA0095;CODIFICAÇÃO E COMPRESSÃO DE SINAIS, IMAGENS E VÍDEO;1;4;0;0;0;0;0;0;3;3;2023-2;FGA;Software
FGA0003;COMPILADORES 1;2;72;2;22;0;5;0;0;7;36;2023-2;FGA;Software
EST0001;COMPUTAÇÃO EM ESTATÍSTICA 1;2;2;0;0;0;1;0;0;0;1;2023-2;EST;Software
CCA0015;CONTABILIDADE GERAL 1;1;1;1;0;0;0;0;0;0;1;2023-2;CCA;Software
EPR0014;CONTROLE ESTATÍSTICO DE PROCESSOS;1;1;0;1;0;0;0;0;0;1;2023-2;EPR;Software
CEM0143;CRIATIVIDADE NA TEORIA E NA PRÁTICA;1;2;0;0;0;0;0;0;0;0;2023-2;CEM;Software
VIS0063;DESENHO 1;1;1;0;0;0;0;0;0;0;0;2023-2;VIS;Software
FGA0168;DESENHO INDUSTRIAL ASSISTIDO POR COMPUTADOR;6;235;3;71;0;2;0;0;30;106;2023-2;FGA;Software
FGA0084;DESENVOLVIMENTO DE SOFTWARE;1;69;1;5;0;2;0;0;4;12;2023-2;FGA;Software
DIN0002;DESIGN DE JOGOS;1;3;0;0;0;0;0;0;0;0;2023-2;DIN;Software
FGA0265;ECONOMIA DE ENERGIA;1;17;0;1;0;2;0;0;2;5;2023-2;FGA;Software
FUP0181;EDUCAÇÃO FINANCEIRA;1;1;0;0;0;1;0;0;0;1;2023-2;FUP;Software
FGA0166;ELEMENTOS E MÉTODOS EM ELETRÔNICA;1;5;0;1;0;0;0;0;2;3;2023-2;FGA;Software
FTD0010;EMPREENDEDORISMO E INOVAÇÃO TECNOLÓGICA;1;3;0;0;0;0;0;0;1;1;2023-2;FTD;Software
FGA0284;ENGENHARIA DE MANUTENÇÃO;1;1;0;0;0;0;0;0;0;0;2023-2;FGA;Software
FGA0206;ENGENHARIA DE PRODUTO DE SOFTWARE;1;50;2;17;0;0;0;0;2;21;2023-2;FGA;Software
FGA0148;ENGENHARIA DE SEGURANÇA DO TRABALHO;2;89;0;1;0;0;0;0;3;4;2023-2;FGA;Software
FGA0131;ENGENHARIA DE SOFTWARE AUTOMOTIVO;1;4;0;2;0;0;0;0;2;4;2023-2;FGA;Software
FGA0275;ENGENHARIA DE SOFTWARE EXPERIMENTAL;1;26;3;0;0;3;0;0;8;14;2023-2;FGA;Software
FGA0161;ENGENHARIA E AMBIENTE;3;223;3;45;0;11;0;0;4;63;2023-2;FGA;Software
EPR0064;ENGENHARIA ECONÔMICA;1;1;0;0;0;1;0;0;0;1;2023-2;EPR;Software
FGA0133;ENGENHARIA ECONÔMICA;3;195;4;16;0;14;0;0;8;42;2023-2;FGA;Software
FGA0147;ESTRUTURA DE DADOS E ALGORITMOS;3;251;12;61;0;28;0;0;38;139;2023-2;FGA;Software
CIC0090;ESTRUTURAS DE DADOS;3;13;1;3;0;0;0;0;0;4;2023-2;CIC;Software
FGA0030;ESTRUTURAS DE DADOS 2;2;162;12;70;0;15;0;0;26;123;2023-2;FGA;Software
FIL0180;FILOSOFIA ANTIGA;1;1;0;1;0;0;0;0;0;1;2023-2;FIL;Software
CEM0012;FILOSOFIA CLÁSSICA;1;1;0;1;0;0;0;0;0;1;2023-2;CEM;Software
CCA0126;FINANÇAS PESSOAIS;1;1;0;0;0;0;0;0;0;0;2023-2;CCA;Software
IFD0171;FISICA 1;17;192;6;37;0;17;0;0;34;94;2023-2;IFD;Software
IFD0173;FISICA 1 EXPERIMENTAL;20;168;9;17;0;4;0;0;11;41;2023-2;IFD;Software
IFD0175;FISICA 2;1;1;0;1;0;0;0;0;0;1;2023-2;IFD;Software
IFD0177;FISICA 2 EXPERIMENTAL;1;1;0;0;0;0;0;0;0;0;2023-2;IFD;Software
FGA0169;FONTES DE ENERGIA E TECNOLOGIAS DE CONVERSÃO;1;17;2;1;0;0;0;0;3;6;2023-2;FGA;Software
FGA0142;FUNDAMENTOS DE ARQUITETURA DE COMPUTADORES;2;166;4;32;0;6;0;0;8;50;2023-2;FGA;Software
IFD0340;FUNDAMENTOS DE FÍSICA;1;1;1;0;0;0;0;0;0;1;2023-2;IFD;Software
FGA0211;FUNDAMENTOS DE REDES DE COMPUTADORES;1;79;2;14;0;1;0;0;5;22;2023-2;FGA;Software
FGA0109;FUNDAMENTOS DE SISTEMAS EMBARCADOS;2;120;7;24;0;0;0;0;18;49;2023-2;FGA;Software
FGA0170;FUNDAMENTOS DE SISTEMAS OPERACIONAIS;2;133;2;13;0;4;0;0;4;23;2023-2;FGA;Software
CIC0002;FUNDAMENTOS TEÓRICOS DA COMPUTAÇÃO;2;2;0;0;0;2;0;0;0;2;2023-2;CIC;Software
MAT0010;GEOMETRIA ANALÍTICA PARA MATEMÁTICA;1;1;0;0;0;0;0;0;0;0;2023-2;MAT;Software
FGA0240;GERÊNCIA DE CONFIGURAÇÃO E EVOLUÇÃO DE SOFTWARE;1;77;2;13;0;0;0;0;5;20;2023-2;FGA;Software
FGA0195;GESTÃO DA PRODUÇÃO AUTOMOTIVA;1;9;0;0;0;0;0;0;1;1;2023-2;FGA;Software
FGA0184;GESTÃO DA PRODUÇÃO E QUALIDADE;2;138;0;1;0;0;0;0;6;7;2023-2;FGA;Software
FGA0164;HUMANIDADES E CIDADANIA;4;207;10;10;0;11;0;0;23;54;2023-2;FGA;Software
FGA0181;INOVAÇÃO;1;13;0;0;0;4;0;0;2;6;2023-2;FGA;Software
FDD0004;INSTITUIÇÕES DE DIREITO PÚBLICO E PRIVADO;1;1;1;0;0;0;0;0;0;1;2023-2;FDD;Software
CEM0083;INTEGRAÇÃO NO MERCOSUL;1;1;0;0;0;1;0;0;0;1;2023-2;CEM;Software
FGA0221;INTELIGÊNCIA ARTIFICIAL;1;34;1;2;0;3;0;0;6;12;2023-2;FGA;Software
FGA0173;INTERAÇÃO HUMANO COMPUTADOR;2;108;2;1;0;0;0;0;1;4;2023-2;FGA;Software
ADM0023;INTRODUÇÃO À ADMINISTRAÇÃO;3;4;2;1;0;0;0;0;0;3;2023-2;ADM;Software
MAT0031;INTRODUCAO A ALGEBRA LINEAR;11;253;13;51;0;2;0;0;21;87;2023-2;MAT;Software
DAN0022;INTRODUÇÃO À ANTROPOLOGIA;1;1;0;0;0;1;0;0;0;1;2023-2;DAN;Software
FTD0007;INTRODUCAO A ATIVIDADE EMPRESARIAL;3;8;0;0;0;1;0;0;3;4;2023-2;FTD;Software
POL0011;INTRODUÇÃO À CIÊNCIA POLÍTICA;1;1;0;1;0;0;0;0;0;1;2023-2;POL;Software
CCA0103;INTRODUÇÃO À CONTABILIDADE;2;2;1;0;0;0;0;0;0;1;2023-2;CCA;Software
ECO0019;INTRODUÇÃO À ECONOMIA;2;4;1;0;0;0;0;0;0;1;2023-2;ECO;Software
FGA0163;INTRODUÇÃO À ENGENHARIA;3;194;4;6;0;10;0;0;1;21;2023-2;FGA;Software
FTD0021;INTRODUÇÃO À ENGENHARIA MECATRÔNICA;1;1;0;0;0;1;0;0;0;1;2023-2;FTD;Software
FIL0069;INTRODUÇÃO À FILOSOFIA;1;1;0;0;0;0;0;0;0;0;2023-2;FIL;Software
FGA0125;INTRODUÇÃO À GEOMETRIA ANALÍTICA;2;8;0;1;0;1;0;0;3;5;2023-2;FGA;Software
CIC0135;INTRODUCAO A INTELIGENCIA ARTIFICIAL;1;1;0;0;0;0;0;0;1;1;2023-2;CIC;Software
LIP0045;INTRODUÇÃO À LINGUÍSTICA;1;1;0;0;0;0;0;0;0;0;2023-2;LIP;Software
CIC0191;INTRODUÇÃO AO DESENVOLVIMENTO DE JOGOS;1;5;0;0;0;0;0;0;2;2;2023-2;CIC;Software
FGA0155;INTRODUÇÃO AO DESIGN E CONCEPÇÃO DE VEÍCULOS;1;3;0;1;0;0;0;0;0;1;2023-2;FGA;Software
HIS0084;INTRODUÇÃO AO ESTUDO DA HISTÓRIA;1;1;0;1;0;0;0;0;0;1;2023-2;HIS;Software
DAP0098;INTRODUÇÃO A PUBLICIDADE E PROPAGANDA;1;1;1;0;0;0;0;0;0;1;2023-2;DAP;Software
TEL0014;INTRODUCAO A TEORIA DA LITERATURA;1;1;0;0;0;0;0;0;0;0;2023-2;TEL;Software
MAT0080;INTRODUCAO A TEORIA DOS GRAFOS;1;1;0;0;0;0;0;0;0;0;2023-2;MAT;Software
MUS0087;LABORATÓRIO DE MÚSICA E TECNOLOGIA;1;1;0;0;0;0;0;0;1;1;2023-2;MUS;Software
FGA0107;LABORATÓRIO DE ONDULATÓRIA E FÍSICA TÉRMICA PARA A ENGENHARIA;1;1;0;0;0;0;0;0;0;0;2023-2;FGA;Software
ENE0040;LABORATÓRIO DE SISTEMAS DIGITAIS;3;3;0;0;0;0;0;0;1;1;2023-2;ENE;Software
LIP0174;LÍNGUA DE SINAIS BRASILEIRA - BÁSICO;3;3;1;0;0;0;0;0;0;1;2023-2;LIP;Software
FGA0085;MATEMÁTICA DISCRETA 1;2;208;13;70;0;11;0;0;13;107;2023-2;FGA;Software
FGA0108;MATEMÁTICA DISCRETA 2;1;109;1;18;0;6;0;0;3;28;2023-2;FGA;Software
FGA0039;MECÂNICA DE ESTRUTURAS AEROESPACIAIS;1;1;0;0;0;0;0;0;0;0;2023-2;FGA;Software
FGA0154;MECANICA DOS SÓLIDOS 1 PARA ENGENHARIA;2;3;0;0;0;0;0;0;1;1;2023-2;FGA;Software
DPG0478;METODOLOGIA DE PESQUISA E REDAÇÃO CIENTÍFICA;1;1;0;0;0;0;0;0;0;0;2023-2;DPG;Software
FGA0138;MÉTODOS DE DESENVOLVIMENTO DE SOFTWARE;4;186;6;29;0;2;0;0;15;52;2023-2;FGA;Software
FGA0160;MÉTODOS NUMÉRICOS PARA ENGENHARIA;3;88;2;9;0;5;0;0;11;27;2023-2;FGA;Software
CEM0067;MULTICULTURALISMO E BUDISMO NA CONTEMPORANEIDADE;1;1;0;0;0;0;0;0;0;0;2023-2;CEM;Software
FDD0155;NOÇÕES DE DIREITO;1;1;0;0;0;0;0;0;0;0;2023-2;FDD;Software
NUT0054;NUTRICAO HUMANA 1;1;2;0;0;0;0;0;0;0;0;2023-2;NUT;Software
DAP0096;OFICINA BÁSICA DE AUDIOVISUAL;1;1;1;0;0;0;0;0;0;1;2023-2;DAP;Software
JOR0058;OFICINA DE TEXTO 1;1;1;1;0;0;0;0;0;0;1;2023-2;JOR;Software
PAD0028;ORGANIZAÇÃO DA EDUCAÇÃO BRASILEIRA;1;1;0;0;0;1;0;0;0;1;2023-2;PAD;Software
FGA0158;ORIENTAÇÃO A OBJETOS;4;227;9;68;0;1;0;0;10;88;2023-2;FGA;Software
FGA0210;PARADIGMAS DE PROGRAMAÇÃO;1;45;1;0;0;0;0;0;2;3;2023-2;FGA;Software
FGA0069;PRÁTICA DE CIRCUITOS ELETRÔNICOS 1;1;1;0;0;0;0;0;0;1;1;2023-2;FGA;Software
FGA0071;PRÁTICA DE ELETRÔNICA DIGITAL 1;14;170;2;18;0;9;0;0;7;36;2023-2;FGA;Software
FGA0072;PRÁTICA DE ELETRÔNICA DIGITAL 2;1;1;0;0;0;1;0;0;0;1;2023-2;FGA;Software
HIS0028;PRÁTICA DE PESQUISA HISTÓRICA;1;1;0;0;0;1;0;0;0;1;2023-2;HIS;Software
FEF0505;PRÁTICA DESPORTIVA 1;1;1;0;0;0;0;0;0;0;0;2023-2;FEF;Software
CEM0142;PRÁTICA DESPORTIVA _x0096_ FUTMANOBOL;1;4;0;0;0;0;0;0;0;0;2023-2;CEM;Software
EST0023;PROBABILIDADE E ESTATÍSTICA;6;6;1;2;0;1;0;0;0;4;2023-2;EST;Software
FGA0157;PROBABILIDADE E ESTATÍSTICA APLICADO A ENGENHARIA;2;171;6;3;0;0;0;0;1;10;2023-2;FGA;Software
FGA0219;PROCESSAMENTO DE SINAIS;1;1;0;0;0;0;0;0;1;1;2023-2;FGA;Software
FGA0244;PROGRAMAÇÃO PARA SISTEMAS PARALELOS E DISTRIBUÍDOS;1;76;0;7;0;0;0;0;0;7;2023-2;FGA;Software
FGA0124;PROJETO DE ALGORITMOS;1;86;4;2;0;3;0;0;7;16;2023-2;FGA;Software
CIC0189;PROJETO E ANÁLISE DE ALGORITMOS;1;2;1;0;0;0;0;0;0;1;2023-2;CIC;Software
FGA0150;PROJETO INTEGRADOR DE ENGENHARIA 1;5;135;1;3;0;0;0;0;4;8;2023-2;FGA;Software
FGA0250;PROJETO INTEGRADOR DE ENGENHARIA 2;5;72;1;0;0;0;0;0;0;1;2023-2;FGA;Software
CEM0051;PROMOÇÃO DA SAÚDE 3;2;63;1;6;0;0;0;0;1;8;2023-2;CEM;Software
FGA0278;QUALIDADE DE SOFTWARE 1;2;82;2;1;0;1;0;0;2;6;2023-2;FGA;Software
IQD0126;QUIMICA GERAL EXPERIMENTAL;8;11;0;5;0;1;0;0;2;8;2023-2;IQD;Software
IQD0125;QUIMICA GERAL TEORICA;5;12;1;2;0;0;0;0;2;5;2023-2;IQD;Software
CIC0124;REDES DE COMPUTADORES;2;4;0;0;0;1;0;0;0;1;2023-2;CIC;Software
FGA0172;REQUISITOS DE SOFTWARE;3;128;4;6;0;0;0;0;5;15;2023-2;FGA;Software
MAT0087;SEMINARIO TOPICOS ESPECIAIS;1;1;0;0;0;0;0;0;0;0;2023-2;MAT;Software
FGA0008;SISTEMAS AEROESPACIAIS;1;1;0;0;0;0;0;0;0;0;2023-2;FGA;Software
FGA0167;SISTEMAS AUTOMOTIVOS;1;12;0;0;0;1;0;0;5;6;2023-2;FGA;Software
FGA0137;SISTEMAS DE BANCO DE DADOS 1;2;118;3;13;0;13;0;0;7;36;2023-2;FGA;Software
FGA0060;SISTEMAS DE BANCO DE DADOS 2;1;49;1;1;0;5;0;0;8;15;2023-2;FGA;Software
FGA0118;SISTEMAS DE INFORMAÇÃO GEOGRÁFICA PARA ENGENHARIA;1;1;1;0;0;0;0;0;0;1;2023-2;FGA;Software
ENE0039;SISTEMAS DIGITAIS;1;2;0;1;0;0;0;0;1;2;2023-2;ENE;Software
FGA0103;SISTEMAS OPERACIONAIS EMBARCADOS;1;5;0;0;0;0;0;0;2;2;2023-2;FGA;Software
FGA0242;TÉCNICAS DE PROGRAMAÇÃO EM PLATAFORMAS EMERGENTES;1;49;3;2;0;0;0;0;0;5;2023-2;FGA;Software
CDT1101;TECNOLOGIA SOCIAL E INOVAÇÃO;1;1;0;0;0;0;0;0;1;1;2023-2;CDT;Software
FGA0073;TEORIA DE ELETRÔNICA DIGITAL 1;2;173;2;35;0;15;0;0;5;57;2023-2;FGA;Software
FGA0074;TEORIA DE ELETRÔNICA DIGITAL 2;1;1;0;0;0;1;0;0;0;1;2023-2;FGA;Software
MAT0038;TEORIA DOS NÚMEROS 1;2;33;2;14;0;3;0;0;2;21;2023-2;MAT;Software
DSC0094;TERAPIAS COMUNITÁRIAS E PRÁTICAS INTEGRATIVAS;1;12;0;0;0;0;0;0;2;2;2023-2;DSC;Software
IFD0420;TERMODINÂMICA;1;1;0;0;0;0;0;0;0;0;2023-2;IFD;Software
FGA0238;TESTES DE SOFTWARE;2;151;4;4;0;5;0;0;1;14;2023-2;FGA;Software
CIC0087;TOPICOS AVANCADOS EM COMPUTADORES;1;1;0;1;0;0;0;0;0;1;2023-2;CIC;Software
ADM0316;TÓPICOS CONTEMPORÂNEOS EM ADMINISTRAÇÃO 2;1;1;0;0;0;0;0;0;0;0;2023-2;ADM;Software
PPB0007;TÓPICOS EM COGNIÇÃO;1;1;0;0;0;0;0;0;0;0;2023-2;PPB;Software
PED0057;TOPICOS EM PSICOLOGIA DO DESENVOLVIMENTO;1;13;0;0;0;0;0;0;4;4;2023-2;PED;Software
FGA0105;TÓPICOS ESPECIAIS 2 EM ENGENHARIA AEROESPACIAL;1;1;0;1;0;0;0;0;0;1;2023-2;FGA;Software
FGA0134;TÓPICOS ESPECIAIS DE ENGENHARIA DE SOFTWARE;2;196;5;13;0;4;0;0;14;36;2023-2;FGA;Software
JOR0107;TÓPICOS ESPECIAIS EM COMUNICAÇÃO 1;1;1;0;0;0;0;0;0;0;0;2023-2;JOR;Software
FGA0261;TÓPICOS ESPECIAIS EM ELETRONICA;1;2;2;0;0;0;0;0;0;2;2023-2;FGA;Software
FGA0054;TÓPICOS ESPECIAIS EM GOVERNANÇA DE TECNOLOGIA DA INFORMAÇÃO;1;59;4;1;0;0;0;0;6;11;2023-2;FGA;Software
FGA0053;TÓPICOS ESPECIAIS EM PROGRAMAÇÃO;2;94;3;9;0;7;0;0;28;47;2023-2;FGA;Software
DSC0172;VIGILÂNCIA EPIDEMIOLÓGICA PARTICIPATIVA;4;243;8;2;0;0;0;0;1;11;2023-2;DSC;Software
ADM0092;ADMINISTRAÇÃO DA PRODUÇÃO E OPERAÇÕES;1;1;0;0;0;0;0;0;0;0;2024-1;ADM;Software
MAT0034;ALGEBRA 1;1;1;1;0;0;0;0;0;0;1;2024-1;MAT;Software
CIC0004;ALGORITMOS E PROGRAMAÇÃO DE COMPUTADORES;7;185;8;4;0;1;0;0;0;13;2024-1;CIC;Software
FGA0013;ANATOMIA E FISIOLOGIA HUMANA;1;1;0;0;0;0;0;0;0;0;2024-1;FGA;Software
FGA0083;APRENDIZADO DE MÁQUINA;1;54;0;0;0;0;0;0;0;0;2024-1;FGA;Software
FGA0208;ARQUITETURA E DESENHO DE SOFTWARE;1;120;1;0;0;2;0;0;0;3;2024-1;FGA;Software
CEM0145;CAFE: CIÊNCIA, ARTE, FILOSOFIA E ESPIRITUALIDADE;1;1;0;0;0;0;0;0;0;0;2024-1;CEM;Software
MAT0025;CÁLCULO 1;5;171;14;10;0;5;0;0;0;29;2024-1;MAT;Software
MAT0137;CÁLCULO 1 - SEMIPRESENCIAL;2;3;0;1;0;0;0;0;0;1;2024-1;MAT;Software
MAT0026;CÁLCULO 2;12;110;6;6;0;0;0;0;0;12;2024-1;MAT;Software
MAT0027;CÁLCULO 3;2;8;0;0;0;0;0;0;0;0;2024-1;MAT;Software
MAT0053;CALCULO NUMERICO;1;1;0;0;0;0;0;0;0;0;2024-1;MAT;Software
IQD0260;CÁLCULOS BÁSICOS DE QUÍMICA;1;1;0;0;0;1;0;0;0;1;2024-1;IQD;Software
MUS0139;CANTO CORAL 1;1;1;0;0;0;0;0;0;0;0;2024-1;MUS;Software
CIC0229;CIRCUITOS LÓGICOS;1;1;0;0;0;0;0;0;0;0;2024-1;CIC;Software
FGA0003;COMPILADORES 1;2;113;6;5;0;1;0;0;0;12;2024-1;FGA;Software
EST0001;COMPUTAÇÃO EM ESTATÍSTICA 1;1;1;1;0;0;0;0;0;0;1;2024-1;EST;Software
JOR0001;COMUNICAÇÃO, INFORMAÇÃO E COMPUTAÇÃO : FUNDAMENTOS E APLICAÇÃO;1;1;0;0;0;0;0;0;0;0;2024-1;JOR;Software
CEM0005;DECRESCIMENTO: CONSUMIR MENOS PARA QUE TODOS VIVAM MELHOR;1;1;1;0;0;0;0;0;0;1;2024-1;CEM;Software
VIS0063;DESENHO 1;1;1;1;0;0;0;0;0;0;1;2024-1;VIS;Software
FGA0168;DESENHO INDUSTRIAL ASSISTIDO POR COMPUTADOR;6;148;5;7;0;0;0;0;0;12;2024-1;FGA;Software
PED0007;DESENVOLVIMENTO, APRENDIZAGEM E INTERAÇÕES VIRTUAIS;1;1;1;0;0;0;0;0;0;1;2024-1;PED;Software
FGA0084;DESENVOLVIMENTO DE SOFTWARE;1;54;0;0;0;0;0;0;0;0;2024-1;FGA;Software
FGA0174;DESENVOLVIMENTO SUSTENTÁVEL;1;6;1;0;0;0;0;0;0;1;2024-1;FGA;Software
FCE0192;DO ÁTOMO À CÉLULA;1;1;1;0;0;0;0;0;0;1;2024-1;FCE;Software
FGA0265;ECONOMIA DE ENERGIA;1;10;1;0;0;2;0;0;0;3;2024-1;FGA;Software
FGA0166;ELEMENTOS E MÉTODOS EM ELETRÔNICA;1;2;0;0;0;0;0;0;0;0;2024-1;FGA;Software
FGA0206;ENGENHARIA DE PRODUTO DE SOFTWARE;2;83;2;5;0;0;0;0;0;7;2024-1;FGA;Software
FGA0148;ENGENHARIA DE SEGURANÇA DO TRABALHO;2;88;5;0;0;1;0;0;0;6;2024-1;FGA;Software
FGA0131;ENGENHARIA DE SOFTWARE AUTOMOTIVO;1;1;1;0;0;0;0;0;0;1;2024-1;FGA;Software
FGA0161;ENGENHARIA E AMBIENTE;3;130;6;1;0;3;0;0;0;10;2024-1;FGA;Software
FGA0133;ENGENHARIA ECONÔMICA;2;147;9;10;0;0;0;0;0;19;2024-1;FGA;Software
FCE0187;EPIDEMIOLOGIA DESCRITIVA;1;1;1;0;0;0;0;0;0;1;2024-1;FCE;Software
CET0051;EQUIPAMENTOS E SERVIÇOS TURÍSTICOS - LAZER;1;1;0;0;0;0;0;0;0;0;2024-1;CET;Software
EST0019;ESTATÍSTICA APLICADA;1;1;1;0;0;0;0;0;0;1;2024-1;EST;Software
FGA0147;ESTRUTURA DE DADOS E ALGORITMOS;3;121;14;4;0;13;0;0;0;31;2024-1;FGA;Software
CIC0090;ESTRUTURAS DE DADOS;4;21;1;0;0;3;0;0;0;4;2024-1;CIC;Software
FGA0030;ESTRUTURAS DE DADOS 2;2;132;7;7;0;3;0;0;0;17;2024-1;FGA;Software
ENM0080;FENOMENOS DE TRANSPORTE;1;1;0;0;0;0;0;0;0;0;2024-1;ENM;Software
FIL0177;FILOSOFIA MEDIEVAL;1;1;0;0;0;0;0;0;0;0;2024-1;FIL;Software
IFD0171;FISICA 1;13;94;13;2;0;1;0;0;0;16;2024-1;IFD;Software
IFD0173;FISICA 1 EXPERIMENTAL;21;126;13;6;0;1;0;0;0;20;2024-1;IFD;Software
IFD0175;FISICA 2;1;1;0;0;0;0;0;0;0;0;2024-1;IFD;Software
IFD0304;FISICA PARA DESENHO INDUSTRIAL;1;1;1;0;0;0;0;0;0;1;2024-1;IFD;Software
FGA0169;FONTES DE ENERGIA E TECNOLOGIAS DE CONVERSÃO;1;13;1;1;0;0;0;0;0;2;2024-1;FGA;Software
DIN0004;FOTOGRAFIA;1;1;1;0;0;0;0;0;0;1;2024-1;DIN;Software
IFD0417;FRONTEIRAS DA FÍSICA;1;1;1;0;0;0;0;0;0;1;2024-1;IFD;Software
FGA0142;FUNDAMENTOS DE ARQUITETURA DE COMPUTADORES;1;78;4;3;0;1;0;0;0;8;2024-1;FGA;Software
FGA0211;FUNDAMENTOS DE REDES DE COMPUTADORES;3;146;4;2;0;3;0;0;0;9;2024-1;FGA;Software
FGA0109;FUNDAMENTOS DE SISTEMAS EMBARCADOS;1;63;5;3;0;0;0;0;0;8;2024-1;FGA;Software
FGA0170;FUNDAMENTOS DE SISTEMAS OPERACIONAIS;1;114;5;4;0;1;0;0;0;10;2024-1;FGA;Software
CIC0002;FUNDAMENTOS TEÓRICOS DA COMPUTAÇÃO;1;1;0;0;0;0;0;0;0;0;2024-1;CIC;Software
FGA0240;GERÊNCIA DE CONFIGURAÇÃO E EVOLUÇÃO DE SOFTWARE;1;58;2;1;0;0;0;0;0;3;2024-1;FGA;Software
FGA0141;GESTÃO AMBIENTAL NO SETOR ENERGÉTICO;1;2;0;1;0;0;0;0;0;1;2024-1;FGA;Software
FGA0195;GESTÃO DA PRODUÇÃO AUTOMOTIVA;1;2;0;0;0;0;0;0;0;0;2024-1;FGA;Software
FGA0184;GESTÃO DA PRODUÇÃO E QUALIDADE;2;133;1;2;0;0;0;0;0;3;2024-1;FGA;Software
FDD0242;HISTÓRIA DO DIREITO;1;1;0;0;0;0;0;0;0;0;2024-1;FDD;Software
FGA0164;HUMANIDADES E CIDADANIA;4;175;12;0;0;5;0;0;0;17;2024-1;FGA;Software
FGA0221;INTELIGÊNCIA ARTIFICIAL;1;18;1;4;0;0;0;0;0;5;2024-1;FGA;Software
FGA0173;INTERAÇÃO HUMANO COMPUTADOR;3;139;2;1;0;2;0;0;0;5;2024-1;FGA;Software
ADM0023;INTRODUÇÃO À ADMINISTRAÇÃO;5;6;1;0;0;0;0;0;0;1;2024-1;ADM;Software
MAT0031;INTRODUCAO A ALGEBRA LINEAR;12;195;10;16;0;4;0;0;0;30;2024-1;MAT;Software
CIC0007;INTRODUÇÃO À CIÊNCIA DA COMPUTAÇÃO;2;2;0;0;0;0;0;0;0;0;2024-1;CIC;Software
ECO0019;INTRODUÇÃO À ECONOMIA;2;2;1;0;0;0;0;0;0;1;2024-1;ECO;Software
FGA0163;INTRODUÇÃO À ENGENHARIA;3;154;7;5;0;0;0;0;0;12;2024-1;FGA;Software
FUP0288;INTRODUÇÃO À ESTATÍSTICA;1;1;0;0;0;1;0;0;0;1;2024-1;FUP;Software
FCE0062;INTRODUÇÃO À FARMÁCIA;1;1;1;0;0;0;0;0;0;1;2024-1;FCE;Software
FIL0069;INTRODUÇÃO À FILOSOFIA;1;1;0;0;0;0;0;0;0;0;2024-1;FIL;Software
CIC0152;INTRODUCAO A MICROINFORMATICA;1;1;0;0;0;0;0;0;0;0;2024-1;CIC;Software
FGA0155;INTRODUÇÃO AO DESIGN E CONCEPÇÃO DE VEÍCULOS;1;2;1;1;0;0;0;0;0;2;2024-1;FGA;Software
FDD0006;INTRODUÇÃO AO DIREITO 1;2;2;0;1;0;0;0;0;0;1;2024-1;FDD;Software
IRI0013;INTRODUÇÃO AO ESTUDO DAS RELAÇÕES INTERNACIONAIS;1;1;1;0;0;0;0;0;0;1;2024-1;IRI;Software
MUS0562;INTRODUÇÃO AO SAXOFONE 1;1;1;0;0;0;0;0;0;0;0;2024-1;MUS;Software
ENE0066;INTRODUÇÃO AOS CIRCUITOS ELÉTRICOS;1;1;0;1;0;0;0;0;0;1;2024-1;ENE;Software
EST0069;INTRODUCAO A PROBABILIDADE;1;1;1;0;0;0;0;0;0;1;2024-1;EST;Software
PPB0014;INTRODUÇÃO À PSICOLOGIA;2;2;1;0;0;0;0;0;0;1;2024-1;PPB;Software
SOL0042;INTRODUÇÃO À SOCIOLOGIA;2;2;1;0;0;0;0;0;0;1;2024-1;SOL;Software
CIC0231;LABORATÓRIO DE CIRCUITOS LÓGICOS;1;1;0;0;0;0;0;0;0;0;2024-1;CIC;Software
FGA0075;LABORATÓRIO DE MATERIAIS DE CONSTRUÇÃO;1;1;0;0;0;0;0;0;0;0;2024-1;FGA;Software
ENE0040;LABORATÓRIO DE SISTEMAS DIGITAIS;1;1;0;0;0;0;0;0;0;0;2024-1;ENE;Software
LIP0061;LATIM 1;1;1;0;0;0;0;0;0;0;0;2024-1;LIP;Software
LIP0174;LÍNGUA DE SINAIS BRASILEIRA - BÁSICO;1;1;0;0;0;0;0;0;0;0;2024-1;LIP;Software
MAT0022;MATEMATICA 1;1;1;0;0;0;0;0;0;0;0;2024-1;MAT;Software
FGA0085;MATEMÁTICA DISCRETA 1;3;208;9;4;0;5;0;0;0;18;2024-1;FGA;Software
FGA0108;MATEMÁTICA DISCRETA 2;1;52;8;7;0;4;0;0;0;19;2024-1;FGA;Software
FGA0154;MECANICA DOS SÓLIDOS 1 PARA ENGENHARIA;2;2;0;2;0;0;0;0;0;2;2024-1;FGA;Software
FGA0179;MECANICA DOS SÓLIDOS 2 PARA ENGENHARIA;1;1;0;0;0;0;0;0;0;0;2024-1;FGA;Software
FGA0138;MÉTODOS DE DESENVOLVIMENTO DE SOFTWARE;3;142;5;5;0;3;0;0;0;13;2024-1;FGA;Software
FGA0160;MÉTODOS NUMÉRICOS PARA ENGENHARIA;3;85;2;1;0;0;0;0;0;3;2024-1;FGA;Software
CEM0067;MULTICULTURALISMO E BUDISMO NA CONTEMPORANEIDADE;1;1;0;0;0;0;0;0;0;0;2024-1;CEM;Software
PAD0028;ORGANIZAÇÃO DA EDUCAÇÃO BRASILEIRA;1;1;0;0;0;0;0;0;0;0;2024-1;PAD;Software
FCE0201;ORGANIZAÇÃO MORFOFUNCIONAL E DESENVOLVIMENTO HUMANO;1;2;2;0;0;0;0;0;0;2;2024-1;FCE;Software
FGA0158;ORIENTAÇÃO A OBJETOS;5;209;14;16;0;0;0;0;0;30;2024-1;FGA;Software
FGA0210;PARADIGMAS DE PROGRAMAÇÃO;1;42;1;0;0;0;0;0;0;1;2024-1;FGA;Software
FDD0153;PESQUISA JURÍDICA;1;1;0;0;0;0;0;0;0;0;2024-1;FDD;Software
FGA0120;PRÁTICA DE ELETROMAGNETISMO;1;1;0;0;0;0;0;0;0;0;2024-1;FGA;Software
FGA0071;PRÁTICA DE ELETRÔNICA DIGITAL 1;14;159;7;3;0;2;0;0;0;12;2024-1;FGA;Software
FGA0072;PRÁTICA DE ELETRÔNICA DIGITAL 2;2;2;0;0;0;0;0;0;0;0;2024-1;FGA;Software
FEF0505;PRÁTICA DESPORTIVA 1;4;4;1;0;0;1;0;0;0;2;2024-1;FEF;Software
CEM0142;PRÁTICA DESPORTIVA _x0096_ FUTMANOBOL;1;2;0;0;0;1;0;0;0;1;2024-1;CEM;Software
EST0023;PROBABILIDADE E ESTATÍSTICA;4;6;1;2;0;0;0;0;0;3;2024-1;EST;Software
FGA0157;PROBABILIDADE E ESTATÍSTICA APLICADO A ENGENHARIA;2;170;3;6;0;0;0;0;0;9;2024-1;FGA;Software
FGA0380;PROCESSOS ESTOCÁSTICOS;1;1;1;0;0;0;0;0;0;1;2024-1;FGA;Software
FGA0274;PRODUTIVIDADE E PROFISSIONALISMO EM ENGENHARIA DE SOFTWARE;1;5;0;1;0;0;0;0;0;1;2024-1;FGA;Software
FGA0244;PROGRAMAÇÃO PARA SISTEMAS PARALELOS E DISTRIBUÍDOS;1;47;1;0;0;2;0;0;0;3;2024-1;FGA;Software
FGA0124;PROJETO DE ALGORITMOS;1;61;5;2;0;1;0;0;0;8;2024-1;FGA;Software
FGA0150;PROJETO INTEGRADOR DE ENGENHARIA 1;5;113;1;5;0;0;0;0;0;6;2024-1;FGA;Software
FGA0250;PROJETO INTEGRADOR DE ENGENHARIA 2;5;61;1;0;0;0;0;0;0;1;2024-1;FGA;Software
CEM0051;PROMOÇÃO DA SAÚDE 3;1;53;0;4;0;0;0;0;0;4;2024-1;CEM;Software
PPB0017;PSICOLOGIA DA APRENDIZAGEM 1;2;2;0;0;0;0;0;0;0;0;2024-1;PPB;Software
FGA0278;QUALIDADE DE SOFTWARE 1;2;83;2;0;0;1;0;0;0;3;2024-1;FGA;Software
IQD0126;QUIMICA GERAL EXPERIMENTAL;4;7;0;1;0;1;0;0;0;2;2024-1;IQD;Software
IQD0125;QUIMICA GERAL TEORICA;3;5;1;2;0;0;0;0;0;3;2024-1;IQD;Software
CIC0124;REDES DE COMPUTADORES;2;4;0;0;0;0;0;0;0;0;2024-1;CIC;Software
FGA0172;REQUISITOS DE SOFTWARE;3;130;0;1;0;0;0;0;0;1;2024-1;FGA;Software
FCE0189;SEMINÁRIO INTEGRATIVO 1;1;1;1;0;0;0;0;0;0;1;2024-1;FCE;Software
MAT0087;SEMINARIO TOPICOS ESPECIAIS;1;3;0;0;0;0;0;0;0;0;2024-1;MAT;Software
FGA0102;SINAIS E SISTEMAS PARA ENGENHARIA;1;1;0;0;0;0;0;0;0;0;2024-1;FGA;Software
LIP0131;SINTAXE DO PORTUGUES CONTEMPORANEO 1;1;1;0;0;0;0;0;0;0;0;2024-1;LIP;Software
FGA0008;SISTEMAS AEROESPACIAIS;1;1;0;0;0;0;0;0;0;0;2024-1;FGA;Software
FGA0167;SISTEMAS AUTOMOTIVOS;1;3;2;1;0;0;0;0;0;3;2024-1;FGA;Software
FGA0137;SISTEMAS DE BANCO DE DADOS 1;3;167;4;8;0;3;0;0;0;15;2024-1;FGA;Software
FGA0060;SISTEMAS DE BANCO DE DADOS 2;1;63;0;2;0;0;0;0;0;2;2024-1;FGA;Software
ENE0039;SISTEMAS DIGITAIS;1;2;0;1;0;0;0;0;0;1;2024-1;ENE;Software
FGA0103;SISTEMAS OPERACIONAIS EMBARCADOS;1;1;0;0;0;0;0;0;0;0;2024-1;FGA;Software
ADM0021;SOCIOLOGIA APLICADA À ADMINISTRAÇÃO;1;1;1;0;0;0;0;0;0;1;2024-1;ADM;Software
CIC0197;TECNICAS DE PROGRAMAÇÃO 1;1;1;0;0;0;0;0;0;0;0;2024-1;CIC;Software
FGA0242;TÉCNICAS DE PROGRAMAÇÃO EM PLATAFORMAS EMERGENTES;1;77;0;4;0;0;0;0;0;4;2024-1;FGA;Software
FGA0119;TEORIA DE ELETROMAGNETISMO;1;1;0;0;0;0;0;0;0;0;2024-1;FGA;Software
FGA0073;TEORIA DE ELETRÔNICA DIGITAL 1;2;168;9;13;0;3;0;0;0;25;2024-1;FGA;Software
FGA0074;TEORIA DE ELETRÔNICA DIGITAL 2;1;3;0;0;0;0;0;0;0;0;2024-1;FGA;Software
FGA0078;TEORIA DE MATERIAIS DE CONSTRUÇÃO;1;1;0;0;0;0;0;0;0;0;2024-1;FGA;Software
MAT0038;TEORIA DOS NÚMEROS 1;2;16;3;1;0;0;0;0;0;4;2024-1;MAT;Software
DSC0094;TERAPIAS COMUNITÁRIAS E PRÁTICAS INTEGRATIVAS;2;10;1;0;0;0;0;0;0;1;2024-1;DSC;Software
FGA0238;TESTES DE SOFTWARE;2;109;2;2;0;2;0;0;0;6;2024-1;FGA;Software
CIC0087;TOPICOS AVANCADOS EM COMPUTADORES;1;2;1;0;0;0;0;0;0;1;2024-1;CIC;Software
ADM0020;TÓPICOS EM GESTÃO DA TECNOLOGIA;1;1;1;0;0;0;0;0;0;1;2024-1;ADM;Software
FGA0121;TÓPICOS ESPECIAIS 4 EM ENGENHARIA AEROESPACIAL;1;1;0;0;0;1;0;0;0;1;2024-1;FGA;Software
FGA0134;TÓPICOS ESPECIAIS DE ENGENHARIA DE SOFTWARE;2;178;6;0;0;11;0;0;0;17;2024-1;FGA;Software
FGA0261;TÓPICOS ESPECIAIS EM ELETRONICA;1;1;1;0;0;0;0;0;0;1;2024-1;FGA;Software
FGA0054;TÓPICOS ESPECIAIS EM GOVERNANÇA DE TECNOLOGIA DA INFORMAÇÃO;1;43;3;0;0;1;0;0;0;4;2024-1;FGA;Software
FGA0034;TÓPICOS ESPECIAIS EM MATEMÁTICA APLICADA;1;14;0;0;0;0;0;0;0;0;2024-1;FGA;Software
FGA0053;TÓPICOS ESPECIAIS EM PROGRAMAÇÃO;1;29;1;6;0;1;0;0;0;8;2024-1;FGA;Software
SER0113;TRABALHO E SOCIABILIDADE;1;1;0;0;0;0;0;0;0;0;2024-1;SER;Software
DSC0172;VIGILÂNCIA EPIDEMIOLÓGICA PARTICIPATIVA;1;373;12;9;0;0;0;0;0;21;2024-1;DSC;Software
ADM0092;ADMINISTRAÇÃO DA PRODUÇÃO E OPERAÇÕES;1;1;0;0;0;0;0;0;0;0;2024-2;ADM;Software
MAT0034;ALGEBRA 1;1;1;0;0;0;0;0;0;0;0;2024-2;MAT;Software
CIC0004;ALGORITMOS E PROGRAMAÇÃO DE COMPUTADORES;6;94;7;22;0;13;0;0;3;45;2024-2;CIC;Software
MAT0045;ANALISE 1;1;1;0;0;0;1;0;0;0;1;2024-2;MAT;Software
CEM0136;A ORIGEM DA VIDA;1;1;0;0;0;0;0;0;0;0;2024-2;CEM;Software
FEF0279;APRENDIZAGEM E DESENVOLVIMENTO MOTOR;1;1;0;0;0;0;0;0;1;1;2024-2;FEF;Software
CEM0023;APRENDIZAGEM E DESENVOLVIMENTO MOTOR HUMANO 2;1;2;0;0;0;0;0;0;0;0;2024-2;CEM;Software
PPB0067;APRENDIZAGEM NO ENSINO;1;1;0;0;0;1;0;0;0;1;2024-2;PPB;Software
FGA0208;ARQUITETURA E DESENHO DE SOFTWARE;1;129;0;0;0;3;0;0;2;5;2024-2;FGA;Software
MAT0025;CÁLCULO 1;5;107;8;32;0;14;0;0;6;60;2024-2;MAT;Software
MAT0137;CÁLCULO 1 - SEMIPRESENCIAL;4;7;0;4;0;0;0;0;0;4;2024-2;MAT;Software
MAT0026;CÁLCULO 2;7;262;5;42;0;6;0;0;15;68;2024-2;MAT;Software
MAT0027;CÁLCULO 3;4;22;0;7;0;0;0;0;3;10;2024-2;MAT;Software
MAT0075;CALCULO DE PROBABILIDADE 1;1;1;0;0;0;1;0;0;0;1;2024-2;MAT;Software
ADM0192;CALCULO FINANCEIRO;1;1;0;0;0;0;0;0;0;0;2024-2;ADM;Software
MAT0053;CALCULO NUMERICO;2;4;0;0;0;2;0;0;1;3;2024-2;MAT;Software
MUS0139;CANTO CORAL 1;2;2;0;0;0;0;0;0;0;0;2024-2;MUS;Software
FGA0254;CIÊNCIAS AEROESPACIAIS;1;2;0;1;0;0;0;0;1;2;2024-2;FGA;Software
CEL0089;CITOLOGIA;1;1;0;0;0;0;0;0;1;1;2024-2;CEL;Software
FGA0003;COMPILADORES 1;1;129;3;40;0;4;0;0;10;57;2024-2;FGA;Software
ENE0334;COMPUTACAO PARA ENGENHARIA;1;1;0;0;0;1;0;0;0;1;2024-2;ENE;Software
CCA0015;CONTABILIDADE GERAL 1;1;1;0;0;0;0;0;0;0;0;2024-2;CCA;Software
CEM0143;CRIATIVIDADE NA TEORIA E NA PRÁTICA;1;1;0;0;0;0;0;0;0;0;2024-2;CEM;Software
FMD0586;CUIDADOS PALIATIVOS;1;1;0;0;0;1;0;0;0;1;2024-2;FMD;Software
VIS0063;DESENHO 1;1;2;0;0;0;0;0;0;0;0;2024-2;VIS;Software
FGA0168;DESENHO INDUSTRIAL ASSISTIDO POR COMPUTADOR;6;52;5;7;0;3;0;0;10;25;2024-2;FGA;Software
FGA0084;DESENVOLVIMENTO DE SOFTWARE;1;61;2;1;0;0;0;0;5;8;2024-2;FGA;Software
FGA0230;DINÂMICA DE VEÍCULOS;1;1;0;0;0;0;0;0;1;1;2024-2;FGA;Software
FGA0043;DINÂMICA DOS GASES PARA SISTEMAS AEROESPACIAIS;1;1;0;0;0;0;0;0;0;0;2024-2;FGA;Software
CEM0021;DIVERSIDADE SEXUAL E DE GÊNERO E POLÍTICAS PÚBLICAS;1;2;0;1;0;0;0;0;0;1;2024-2;CEM;Software
ECL0039;ECOLOGIA BÁSICA;1;1;0;0;0;0;0;0;0;0;2024-2;ECL;Software
FGA0265;ECONOMIA DE ENERGIA;1;12;1;2;0;1;0;0;3;7;2024-2;FGA;Software
FGA0166;ELEMENTOS E MÉTODOS EM ELETRÔNICA;1;5;0;0;0;0;0;0;0;0;2024-2;FGA;Software
FGA0096;ELETRÔNICA EMBARCADA;1;1;0;0;0;0;0;0;0;0;2024-2;FGA;Software
FGA0284;ENGENHARIA DE MANUTENÇÃO;1;1;0;0;0;0;0;0;1;1;2024-2;FGA;Software
FGA0316;ENGENHARIA DE PRODUTO DE SOFTWARE;2;67;0;7;0;0;0;0;4;11;2024-2;FGA;Software
FGA0148;ENGENHARIA DE SEGURANÇA DO TRABALHO;2;122;1;10;0;0;0;0;8;19;2024-2;FGA;Software
FGA0131;ENGENHARIA DE SOFTWARE AUTOMOTIVO;1;5;0;2;0;0;0;0;2;4;2024-2;FGA;Software
FGA0302;ENGENHARIA E AMBIENTE;3;25;1;2;0;1;0;0;5;9;2024-2;FGA;Software
EPR0064;ENGENHARIA ECONÔMICA;1;1;0;1;0;0;0;0;0;1;2024-2;EPR;Software
FGA0133;ENGENHARIA ECONÔMICA;2;183;10;48;0;6;0;0;5;69;2024-2;FGA;Software
FMD0578;ENSINO DE MEDICINA;1;1;0;0;0;1;0;0;0;1;2024-2;FMD;Software
EST0019;ESTATÍSTICA APLICADA;1;1;1;0;0;0;0;0;0;1;2024-2;EST;Software
CIC0090;ESTRUTURAS DE DADOS;3;13;0;3;0;0;0;0;2;5;2024-2;CIC;Software
FGA0146;ESTRUTURAS DE DADOS 1;3;243;7;69;0;6;0;0;33;115;2024-2;FGA;Software
FGA0030;ESTRUTURAS DE DADOS 2;1;137;4;12;0;6;0;0;5;27;2024-2;FGA;Software
FDD0272;ÉTICA E DIREITO;1;1;0;0;0;0;0;0;0;0;2024-2;FDD;Software
FGA0320;FELICIDADE;1;131;4;0;0;0;0;0;10;14;2024-2;FGA;Software
IFD0171;FISICA 1;15;198;13;49;0;9;0;0;42;113;2024-2;IFD;Software
IFD0173;FISICA 1 EXPERIMENTAL;20;156;2;10;0;2;0;0;7;21;2024-2;IFD;Software
IFD0175;FISICA 2;3;3;0;1;0;1;0;0;0;2;2024-2;IFD;Software
IFD0177;FISICA 2 EXPERIMENTAL;1;1;0;0;0;0;0;0;0;0;2024-2;IFD;Software
FGA0169;FONTES DE ENERGIA E TECNOLOGIAS DE CONVERSÃO;1;23;1;4;0;0;0;0;0;5;2024-2;FGA;Software
IGD0167;FUNDAMENTOS DA HISTÓRIA DA TERRA;1;1;0;1;0;0;0;0;0;1;2024-2;IGD;Software
FGA0142;FUNDAMENTOS DE ARQUITETURA DE COMPUTADORES;2;255;10;49;0;11;0;0;13;83;2024-2;FGA;Software
FGA0117;FUNDAMENTOS DE ENERGIA NUCLEAR;1;3;0;0;0;0;0;0;1;1;2024-2;FGA;Software
FGA0211;FUNDAMENTOS DE REDES DE COMPUTADORES;2;154;4;4;0;4;0;0;3;15;2024-2;FGA;Software
FGA0109;FUNDAMENTOS DE SISTEMAS EMBARCADOS;1;81;4;6;0;0;0;0;2;12;2024-2;FGA;Software
FGA0170;FUNDAMENTOS DE SISTEMAS OPERACIONAIS;1;101;1;6;0;3;0;0;4;14;2024-2;FGA;Software
IFD0011;FUNDAMENTOS MATEMÁTICOS DA FÍSICA A;1;1;0;0;0;0;0;0;1;1;2024-2;IFD;Software
CIC0002;FUNDAMENTOS TEÓRICOS DA COMPUTAÇÃO;2;2;0;0;0;0;0;0;0;0;2024-2;CIC;Software
MAT0111;GEOMETRIA 1;1;1;0;1;0;0;0;0;0;1;2024-2;MAT;Software
FGA0317;GERÊNCIA DE CONFIGURAÇÃO E EVOLUÇÃO DE SOFTWARE;1;81;3;5;0;0;0;0;2;10;2024-2;FGA;Software
FGA0141;GESTÃO AMBIENTAL NO SETOR ENERGÉTICO;1;1;1;0;0;0;0;0;0;1;2024-2;FGA;Software
FGA0195;GESTÃO DA PRODUÇÃO AUTOMOTIVA;1;9;0;2;0;0;0;0;1;3;2024-2;FGA;Software
FGA0184;GESTÃO DA PRODUÇÃO E QUALIDADE;2;155;3;5;0;2;0;0;6;16;2024-2;FGA;Software
FGA0164;HUMANIDADES E CIDADANIA;4;279;9;14;0;10;0;0;24;57;2024-2;FGA;Software
FMD0136;IMUNOLOGIA MÉDICA;1;1;0;1;0;0;0;0;0;1;2024-2;FMD;Software
CIC0142;INFORMATICA E SOCIEDADE;1;1;0;0;0;0;0;0;0;0;2024-2;CIC;Software
FGA0221;INTELIGÊNCIA ARTIFICIAL;1;41;1;5;0;0;0;0;2;8;2024-2;FGA;Software
FGA0173;INTERAÇÃO HUMANO COMPUTADOR;3;137;4;1;0;3;0;0;10;18;2024-2;FGA;Software
MAT0031;INTRODUCAO A ALGEBRA LINEAR;9;222;14;41;0;14;0;0;14;83;2024-2;MAT;Software
DAN0022;INTRODUÇÃO À ANTROPOLOGIA;1;1;1;0;0;0;0;0;0;1;2024-2;DAN;Software
GEM0049;INTRODUCAO A BIOLOGIA EVOLUTIVA;1;1;0;0;0;1;0;0;0;1;2024-2;GEM;Software
CEL0091;INTRODUÇÃO A BIOTECNOLOGIA;1;3;0;0;0;0;0;0;0;0;2024-2;CEL;Software
POL0011;INTRODUÇÃO À CIÊNCIA POLÍTICA;1;1;0;0;0;0;0;0;0;0;2024-2;POL;Software
CCA0103;INTRODUÇÃO À CONTABILIDADE;1;1;0;0;0;1;0;0;0;1;2024-2;CCA;Software
ECO0019;INTRODUÇÃO À ECONOMIA;4;6;0;2;0;0;0;0;0;2;2024-2;ECO;Software
FGA0163;INTRODUÇÃO À ENGENHARIA;3;16;3;0;0;1;0;0;3;7;2024-2;FGA;Software
CIC0191;INTRODUÇÃO AO DESENVOLVIMENTO DE JOGOS;1;4;0;1;0;0;0;0;2;3;2024-2;CIC;Software
FGA0155;INTRODUÇÃO AO DESIGN E CONCEPÇÃO DE VEÍCULOS;1;2;0;0;0;0;0;0;1;1;2024-2;FGA;Software
FDD0006;INTRODUÇÃO AO DIREITO 1;1;1;0;1;0;0;0;0;0;1;2024-2;FDD;Software
HIS0084;INTRODUÇÃO AO ESTUDO DA HISTÓRIA;1;1;0;1;0;0;0;0;0;1;2024-2;HIS;Software
IRI0013;INTRODUÇÃO AO ESTUDO DAS RELAÇÕES INTERNACIONAIS;1;2;1;0;0;0;0;0;0;1;2024-2;IRI;Software
SOL0042;INTRODUÇÃO À SOCIOLOGIA;1;2;0;0;0;0;0;0;0;0;2024-2;SOL;Software
LET0073;JAPONES 1;1;1;0;0;0;0;0;0;0;0;2024-2;LET;Software
CEN0007;LABORATÓRIO DE CRIAÇÃO CÊNICO-MUSICAL;1;1;0;0;0;0;0;0;0;0;2024-2;CEN;Software
ENE0040;LABORATÓRIO DE SISTEMAS DIGITAIS;1;1;0;0;0;0;0;0;0;0;2024-2;ENE;Software
LIP0061;LATIM 1;1;1;0;1;0;0;0;0;0;1;2024-2;LIP;Software
FDD0141;LEGISLAÇÃO TRIBUTÁRIA;1;1;0;0;0;0;0;0;0;0;2024-2;FDD;Software
ADM0367;LGBT NAS ORGANIZAÇÕES;1;1;0;0;0;0;0;0;0;0;2024-2;ADM;Software
LET0103;LINGUA ALEMA 3;1;1;0;0;0;0;0;0;0;0;2024-2;LET;Software
LIP0174;LÍNGUA DE SINAIS BRASILEIRA - BÁSICO;3;3;0;0;0;0;0;0;2;2;2024-2;LIP;Software
MUS0097;LINGUAGEM E ESTRUTURAÇÃO MUSICAL 1;1;1;0;0;0;0;0;0;0;0;2024-2;MUS;Software
FIL0179;LÓGICA;1;1;0;1;0;0;0;0;0;1;2024-2;FIL;Software
MAT0023;MATEMATICA 2;1;1;0;0;0;1;0;0;0;1;2024-2;MAT;Software
FGA0085;MATEMÁTICA DISCRETA 1;2;241;10;99;0;14;0;0;10;133;2024-2;FGA;Software
FGA0108;MATEMÁTICA DISCRETA 2;3;234;8;38;0;8;0;0;19;73;2024-2;FGA;Software
CCA0153;MATEMÁTICA FINANCEIRA APLICADA ÀS CIÊNCIAS CONTÁBEIS;1;1;0;0;0;0;0;0;1;1;2024-2;CCA;Software
IFD0069;MECÂNICA;1;1;0;0;0;1;0;0;0;1;2024-2;IFD;Software
FGA0154;MECANICA DOS SÓLIDOS 1 PARA ENGENHARIA;3;7;0;1;0;1;0;0;2;4;2024-2;FGA;Software
FGA0045;MECÂNICA DO VÔO;1;1;0;0;0;0;0;0;0;0;2024-2;FGA;Software
FGA0312;MÉTODOS DE DESENVOLVIMENTO DE SOFTWARE;3;197;7;13;0;3;0;0;6;29;2024-2;FGA;Software
ECL0017;METODOS EM BIOLOGIA 1;1;1;0;0;0;0;0;0;1;1;2024-2;ECL;Software
FGA0160;MÉTODOS NUMÉRICOS PARA ENGENHARIA;2;97;3;5;0;0;0;0;5;13;2024-2;FGA;Software
FGA0259;MODELAGEM DE SISTEMAS BIOLÓGICOS;1;1;0;0;0;0;0;0;1;1;2024-2;FGA;Software
CEM0067;MULTICULTURALISMO E BUDISMO NA CONTEMPORANEIDADE;1;1;0;0;0;1;0;0;0;1;2024-2;CEM;Software
FDD0155;NOÇÕES DE DIREITO;1;1;0;0;0;0;0;0;1;1;2024-2;FDD;Software
FGA0158;ORIENTAÇÃO A OBJETOS;4;202;5;16;0;8;0;0;6;35;2024-2;FGA;Software
FGA0210;PARADIGMAS DE PROGRAMAÇÃO;1;49;1;0;0;0;0;0;2;3;2024-2;FGA;Software
CEM0117;PENSAMENTO LGBT BRASILEIRO;1;1;0;1;0;0;0;0;0;1;2024-2;CEM;Software
COM0146;PESQUISA EM OPINIÃO E MERCADO;1;1;0;0;0;0;0;0;1;1;2024-2;COM;Software
FGA0071;PRÁTICA DE ELETRÔNICA DIGITAL 1;14;176;3;12;0;1;0;0;8;24;2024-2;FGA;Software
FGA0072;PRÁTICA DE ELETRÔNICA DIGITAL 2;1;1;0;0;0;0;0;0;0;0;2024-2;FGA;Software
FEF0107;PRATICA DESPORTIVA 2;4;5;0;0;0;0;0;0;1;1;2024-2;FEF;Software
CEM0142;PRÁTICA DESPORTIVA _x0096_ FUTMANOBOL;1;1;0;0;0;0;0;0;0;0;2024-2;CEM;Software
LET0072;PRATICA DO JAPONES ORAL E ESCRITO 1;1;1;0;0;0;0;0;0;0;0;2024-2;LET;Software
CIC0256;PRÁTICA EXTENSIONISTA EM COMPUTAÇÃO A;1;1;0;0;0;0;0;0;0;0;2024-2;CIC;Software
EST0023;PROBABILIDADE E ESTATÍSTICA;5;8;0;5;0;0;0;0;1;6;2024-2;EST;Software
FGA0157;PROBABILIDADE E ESTATÍSTICA APLICADO A ENGENHARIA;2;153;3;5;0;3;0;0;2;13;2024-2;FGA;Software
LIP0106;PROCESSOS DE LEITURA E ESCRITA;1;1;1;0;0;0;0;0;0;1;2024-2;LIP;Software
FGA0274;PRODUTIVIDADE E PROFISSIONALISMO EM ENGENHARIA DE SOFTWARE;1;7;0;0;0;0;0;0;0;0;2024-2;FGA;Software
FGA0244;PROGRAMAÇÃO PARA SISTEMAS PARALELOS E DISTRIBUÍDOS;2;112;4;30;0;8;0;0;6;48;2024-2;FGA;Software
FGA0124;PROJETO DE ALGORITMOS;1;129;2;0;0;6;0;0;8;16;2024-2;FGA;Software
CIC0189;PROJETO E ANÁLISE DE ALGORITMOS;1;2;0;1;0;0;0;0;1;2;2024-2;CIC;Software
FGA0150;PROJETO INTEGRADOR DE ENGENHARIA 1;5;114;0;6;0;0;0;0;8;14;2024-2;FGA;Software
FGA0250;PROJETO INTEGRADOR DE ENGENHARIA 2;5;84;0;1;0;0;0;0;1;2;2024-2;FGA;Software
CEM0051;PROMOÇÃO DA SAÚDE 3;1;59;1;3;0;0;0;0;9;13;2024-2;CEM;Software
PPB0046;PSICOLOGIA COGNITIVA 1;1;1;0;0;0;0;0;0;1;1;2024-2;PPB;Software
PCL0015;PSICOLOGIA DA PERSONALIDADE 1;1;1;0;0;0;0;0;0;1;1;2024-2;PCL;Software
FGA0315;QUALIDADE DE SOFTWARE 1;2;98;1;7;0;1;0;0;5;14;2024-2;FGA;Software
IQD0126;QUIMICA GERAL EXPERIMENTAL;3;3;0;1;0;0;0;0;0;1;2024-2;IQD;Software
IQD0125;QUIMICA GERAL TEORICA;5;11;0;4;0;0;0;0;1;5;2024-2;IQD;Software
CIC0124;REDES DE COMPUTADORES;3;7;0;1;0;0;0;0;0;1;2024-2;CIC;Software
FGA0313;REQUISITOS DE SOFTWARE;4;164;5;1;0;1;0;0;11;18;2024-2;FGA;Software
MAT0087;SEMINARIO TOPICOS ESPECIAIS;1;3;0;0;0;0;0;0;0;0;2024-2;MAT;Software
FGA0167;SISTEMAS AUTOMOTIVOS;1;6;0;0;0;0;0;0;2;2;2024-2;FGA;Software
FGA0137;SISTEMAS DE BANCO DE DADOS 1;3;187;1;6;0;11;0;0;7;25;2024-2;FGA;Software
FGA0060;SISTEMAS DE BANCO DE DADOS 2;3;200;5;5;0;15;0;0;27;52;2024-2;FGA;Software
FGA0135;SISTEMAS DE BANCOS DE DADOS;1;1;0;0;0;0;0;0;0;0;2024-2;FGA;Software
FGA0118;SISTEMAS DE INFORMAÇÃO GEOGRÁFICA PARA ENGENHARIA;1;1;0;0;0;0;0;0;0;0;2024-2;FGA;Software
ENE0039;SISTEMAS DIGITAIS;2;4;0;0;0;2;0;0;1;3;2024-2;ENE;Software
FGA0103;SISTEMAS OPERACIONAIS EMBARCADOS;1;4;0;0;0;0;0;0;1;1;2024-2;FGA;Software
ADM0021;SOCIOLOGIA APLICADA À ADMINISTRAÇÃO;1;1;0;0;0;1;0;0;0;1;2024-2;ADM;Software
CIC0197;TECNICAS DE PROGRAMAÇÃO 1;1;1;0;0;0;1;0;0;0;1;2024-2;CIC;Software
FGA0242;TÉCNICAS DE PROGRAMAÇÃO EM PLATAFORMAS EMERGENTES;1;81;2;1;0;0;0;0;0;3;2024-2;FGA;Software
CEN0055;TECNICAS EXPERIMENTAIS DE ARTES CENICAS 2;1;1;0;0;0;0;0;0;0;0;2024-2;CEN;Software
FGA0067;TEORIA DE CIRCUITOS ELETRÔNICOS 1;1;1;0;0;0;0;0;0;1;1;2024-2;FGA;Software
FGA0073;TEORIA DE ELETRÔNICA DIGITAL 1;3;197;3;33;0;18;0;0;8;62;2024-2;FGA;Software
MAT0038;TEORIA DOS NÚMEROS 1;2;28;0;9;0;0;0;0;3;12;2024-2;MAT;Software
FGA0314;TESTES DE SOFTWARE;2;129;1;0;0;4;0;0;4;9;2024-2;FGA;Software
CIC0087;TOPICOS AVANCADOS EM COMPUTADORES;1;2;0;0;0;0;0;0;2;2;2024-2;CIC;Software
PPB0066;TOPICOS EM PSICOBIOLOGIA;1;1;0;0;0;0;0;0;0;0;2024-2;PPB;Software
FGA0134;TÓPICOS ESPECIAIS DE ENGENHARIA DE SOFTWARE;2;98;3;11;0;12;0;0;42;68;2024-2;FGA;Software
POL0021;TÓPICOS ESPECIAIS EM CIÊNCIA POLÍTICA 1;1;1;0;0;0;0;0;0;0;0;2024-2;POL;Software
FGA0261;TÓPICOS ESPECIAIS EM ELETRONICA;3;16;0;1;0;0;0;0;0;1;2024-2;FGA;Software
FGA0037;TÓPICOS ESPECIAIS EM ENGENHARIA AEROESPACIAL;1;1;0;0;0;0;0;0;0;0;2024-2;FGA;Software
FGA0214;TÓPICOS ESPECIAIS EM ENGENHARIA AUTOMOTIVA;1;1;0;0;0;0;0;0;1;1;2024-2;FGA;Software
FGA0034;TÓPICOS ESPECIAIS EM MATEMÁTICA APLICADA;1;27;1;0;0;0;0;0;0;1;2024-2;FGA;Software
FGA0053;TÓPICOS ESPECIAIS EM PROGRAMAÇÃO;1;111;1;37;0;8;0;0;25;71;2024-2;FGA;Software
DPG1322;TÓPICOS ESPECIAIS EM SISTEMAS BIOMÉDICOS ELETRÔNICOS;1;1;0;0;0;0;0;0;0;0;2024-2;DPG;Software
CEM0015;UNIVERSIDADE, SOCIEDADE E ESTADO;1;2;0;0;0;1;0;0;0;1;2024-2;CEM;Software
DSC0172;VIGILÂNCIA EPIDEMIOLÓGICA PARTICIPATIVA;1;303;1;14;0;0;0;0;3;18;2024-2;DSC;Software
MAT0039;ALGEBRA LINEAR;1;1;0;0;0;0;0;0;1;1;2025-1;MAT;Software
CIC0004;ALGORITMOS E PROGRAMAÇÃO DE COMPUTADORES;5;38;3;5;0;2;0;0;1;11;2025-1;CIC;Software
MAT0045;ANALISE 1;1;1;0;0;0;0;0;0;1;1;2025-1;MAT;Software
CEM0136;A ORIGEM DA VIDA;1;1;0;0;0;0;0;0;0;0;2025-1;CEM;Software
FGA0083;APRENDIZADO DE MÁQUINA;1;58;0;2;0;1;0;0;6;9;2025-1;FGA;Software
CEM0023;APRENDIZAGEM E DESENVOLVIMENTO MOTOR HUMANO 2;1;1;0;0;0;0;0;0;0;0;2025-1;CEM;Software
FGA0208;ARQUITETURA E DESENHO DE SOFTWARE;2;148;3;3;0;3;0;0;6;15;2025-1;FGA;Software
COM0213;AVALIAÇÃO EM PROJETOS DE COMUNICAÇÃO;1;1;0;0;0;0;0;0;0;0;2025-1;COM;Software
MAT0025;CÁLCULO 1;5;45;4;14;0;2;0;0;6;26;2025-1;MAT;Software
MAT0137;CÁLCULO 1 - SEMIPRESENCIAL;4;6;2;2;0;0;0;0;0;4;2025-1;MAT;Software
MAT0026;CÁLCULO 2;10;167;8;32;0;1;0;0;11;52;2025-1;MAT;Software
MAT0027;CÁLCULO 3;6;33;1;1;0;2;0;0;4;8;2025-1;MAT;Software
ADM0192;CALCULO FINANCEIRO;2;2;0;0;0;0;0;0;1;1;2025-1;ADM;Software
MAT0053;CALCULO NUMERICO;2;3;1;1;0;0;0;0;1;3;2025-1;MAT;Software
FGA0254;CIÊNCIAS AEROESPACIAIS;1;2;0;1;0;0;0;0;0;1;2025-1;FGA;Software
FGA0003;COMPILADORES 1;3;312;11;30;0;2;0;0;28;71;2025-1;FGA;Software
EST0001;COMPUTAÇÃO EM ESTATÍSTICA 1;1;2;1;1;0;0;0;0;0;2;2025-1;EST;Software
CEM0084;CULTURA E PAZ;1;1;0;0;0;0;0;0;1;1;2025-1;CEM;Software
FGA0168;DESENHO INDUSTRIAL ASSISTIDO POR COMPUTADOR;5;32;1;12;0;2;0;0;9;24;2025-1;FGA;Software
ENC0053;DESENHO TECNICO;1;1;0;0;0;0;0;0;1;1;2025-1;ENC;Software
FGA0174;DESENVOLVIMENTO SUSTENTÁVEL;1;5;0;0;0;0;0;0;2;2;2025-1;FGA;Software
FGA0265;ECONOMIA DE ENERGIA;1;32;0;0;0;0;0;0;10;10;2025-1;FGA;Software
FGA0166;ELEMENTOS E MÉTODOS EM ELETRÔNICA;1;6;0;2;0;0;0;0;1;3;2025-1;FGA;Software
FGA0308;ELETRÔNICA EMBARCADA;1;1;0;0;0;0;0;0;1;1;2025-1;FGA;Software
IQD0451;EMPREENDEDORISMO TECNOLÓGICO: PRINCÍPIOS E ESTRATÉGIAS PARA CRIAÇÃO SPIN-OFFS DEEPTECHS;1;3;0;0;0;0;0;0;0;0;2025-1;IQD;Software
FGA0316;ENGENHARIA DE PRODUTO DE SOFTWARE;2;63;0;1;0;0;0;0;0;1;2025-1;FGA;Software
FGA0148;ENGENHARIA DE SEGURANÇA DO TRABALHO;2;97;4;0;0;7;0;0;17;28;2025-1;FGA;Software
FGA0131;ENGENHARIA DE SOFTWARE AUTOMOTIVO;1;3;0;1;0;0;0;0;2;3;2025-1;FGA;Software
FGA0302;ENGENHARIA E AMBIENTE;3;43;4;3;0;2;0;0;5;14;2025-1;FGA;Software
FGA0133;ENGENHARIA ECONÔMICA;2;175;1;21;0;0;0;0;7;29;2025-1;FGA;Software
EST0019;ESTATÍSTICA APLICADA;1;1;0;0;0;0;0;0;0;0;2025-1;EST;Software
EST0033;ESTATÍSTICA EXPLORATÓRIA;1;2;1;1;0;0;0;0;0;2;2025-1;EST;Software
CIC0090;ESTRUTURAS DE DADOS;4;24;1;1;0;2;0;0;2;6;2025-1;CIC;Software
FGA0146;ESTRUTURAS DE DADOS 1;2;215;4;42;0;16;0;0;15;77;2025-1;FGA;Software
FGA0030;ESTRUTURAS DE DADOS 2;1;126;3;23;0;10;0;0;34;70;2025-1;FGA;Software
FGA0320;FELICIDADE;1;82;8;7;0;0;0;0;4;19;2025-1;FGA;Software
ENM0080;FENOMENOS DE TRANSPORTE;1;1;0;1;0;0;0;0;0;1;2025-1;ENM;Software
FIL0180;FILOSOFIA ANTIGA;1;1;0;0;0;0;0;0;0;0;2025-1;FIL;Software
IFD0171;FISICA 1;12;84;7;11;0;7;0;0;17;42;2025-1;IFD;Software
IFD0173;FISICA 1 EXPERIMENTAL;16;77;2;1;0;2;0;0;9;14;2025-1;IFD;Software
IFD0175;FISICA 2;1;1;0;1;0;0;0;0;0;1;2025-1;IFD;Software
IFD0177;FISICA 2 EXPERIMENTAL;3;3;0;0;0;1;0;0;0;1;2025-1;IFD;Software
IFD0006;FÍSICA EXPERIMENTAL PARA CIÊNCIAS AGRÁRIAS;1;1;0;0;0;0;0;0;0;0;2025-1;IFD;Software
FGA0169;FONTES DE ENERGIA E TECNOLOGIAS DE CONVERSÃO;1;19;0;1;0;0;0;0;0;1;2025-1;FGA;Software
FGA0142;FUNDAMENTOS DE ARQUITETURA DE COMPUTADORES;2;196;3;39;0;36;0;0;17;95;2025-1;FGA;Software
FGA0006;FUNDAMENTOS DE EQUAÇÕES DIFERENCIAIS PARA ENGENHARIA;1;4;0;1;0;0;0;0;1;2;2025-1;FGA;Software
FGA0211;FUNDAMENTOS DE REDES DE COMPUTADORES;2;150;3;6;0;0;0;0;2;11;2025-1;FGA;Software
FGA0109;FUNDAMENTOS DE SISTEMAS EMBARCADOS;1;80;4;9;0;0;0;0;4;17;2025-1;FGA;Software
FGA0170;FUNDAMENTOS DE SISTEMAS OPERACIONAIS;1;130;0;11;0;1;0;0;4;16;2025-1;FGA;Software
FCTE0001;FUNDAMENTOS LÓGICOS DE INTELIGÊNCIA ARTIFICIAL;1;37;1;1;0;0;0;0;21;23;2025-1;FCT;Software
IFD0011;FUNDAMENTOS MATEMÁTICOS DA FÍSICA A;1;1;0;0;0;1;0;0;0;1;2025-1;IFD;Software
FGA0317;GERÊNCIA DE CONFIGURAÇÃO E EVOLUÇÃO DE SOFTWARE;2;157;6;21;0;0;0;0;6;33;2025-1;FGA;Software
FGA0307;GESTÃO DA PRODUÇÃO E QUALIDADE;2;129;2;7;0;1;0;0;13;23;2025-1;FGA;Software
FGA0164;HUMANIDADES E CIDADANIA;4;182;8;0;0;11;0;0;15;34;2025-1;FGA;Software
CIC0142;INFORMATICA E SOCIEDADE;1;2;0;0;0;0;0;0;1;1;2025-1;CIC;Software
LET0334;INGLÊS: COMPREENSÃO DA LÍNGUA ORAL 1;1;1;0;0;0;0;0;0;0;0;2025-1;LET;Software
FDD0004;INSTITUIÇÕES DE DIREITO PÚBLICO E PRIVADO;2;2;1;0;0;0;0;0;0;1;2025-1;FDD;Software
FGA0221;INTELIGÊNCIA ARTIFICIAL;1;45;5;6;0;0;0;0;5;16;2025-1;FGA;Software
FGA0173;INTERAÇÃO HUMANO COMPUTADOR;3;143;2;0;0;0;0;0;4;6;2025-1;FGA;Software
ADM0023;INTRODUÇÃO À ADMINISTRAÇÃO;4;4;1;0;0;0;0;0;2;3;2025-1;ADM;Software
MAT0031;INTRODUCAO A ALGEBRA LINEAR;6;90;7;14;0;4;0;0;9;34;2025-1;MAT;Software
DAN0022;INTRODUÇÃO À ANTROPOLOGIA;1;2;1;0;0;0;0;0;0;1;2025-1;DAN;Software
CIC0007;INTRODUÇÃO À CIÊNCIA DA COMPUTAÇÃO;2;2;1;1;0;0;0;0;0;2;2025-1;CIC;Software
POL0011;INTRODUÇÃO À CIÊNCIA POLÍTICA;3;5;1;0;0;0;0;0;0;1;2025-1;POL;Software
CCA0103;INTRODUÇÃO À CONTABILIDADE;3;5;0;1;0;0;0;0;4;5;2025-1;CCA;Software
ECO0019;INTRODUÇÃO À ECONOMIA;8;11;2;0;0;0;0;0;7;9;2025-1;ECO;Software
FGA0163;INTRODUÇÃO À ENGENHARIA;2;14;5;0;0;2;0;0;2;9;2025-1;FGA;Software
FIL0069;INTRODUÇÃO À FILOSOFIA;2;2;1;0;0;0;0;0;0;1;2025-1;FIL;Software
LIP0045;INTRODUÇÃO À LINGUÍSTICA;1;1;0;0;0;0;0;0;1;1;2025-1;LIP;Software
MUS0540;INTRODUCAO AO CONTRABAIXO 1;1;1;0;0;0;0;0;0;0;0;2025-1;MUS;Software
CIC0191;INTRODUÇÃO AO DESENVOLVIMENTO DE JOGOS;1;4;0;2;0;1;0;0;0;3;2025-1;CIC;Software
FDD0006;INTRODUÇÃO AO DIREITO 1;2;2;1;0;0;0;0;0;0;1;2025-1;FDD;Software
HIS0084;INTRODUÇÃO AO ESTUDO DA HISTÓRIA;1;1;0;0;0;0;0;0;0;0;2025-1;HIS;Software
IRI0013;INTRODUÇÃO AO ESTUDO DAS RELAÇÕES INTERNACIONAIS;1;1;0;0;0;0;0;0;0;0;2025-1;IRI;Software
MUS0564;INTRODUÇÃO AO SAXOFONE 2;1;1;0;0;0;0;0;0;0;0;2025-1;MUS;Software
EST0069;INTRODUCAO A PROBABILIDADE;1;1;0;0;0;1;0;0;0;1;2025-1;EST;Software
PPB0014;INTRODUÇÃO À PSICOLOGIA;3;3;0;0;0;1;0;0;0;1;2025-1;PPB;Software
CIC0190;INTRODUÇÃO A SISTEMAS MULTIAGENTE;1;1;0;0;0;0;0;0;0;0;2025-1;CIC;Software
SOL0042;INTRODUÇÃO À SOCIOLOGIA;4;5;1;0;0;0;0;0;1;2;2025-1;SOL;Software
LET0074;JAPONES 2;1;1;0;0;0;0;0;0;0;0;2025-1;LET;Software
MUS0087;LABORATÓRIO DE MÚSICA E TECNOLOGIA;1;1;0;0;0;1;0;0;0;1;2025-1;MUS;Software
LIP0061;LATIM 1;1;1;0;0;0;0;0;0;0;0;2025-1;LIP;Software
FUP0129;LÍNGUA BRASILEIRA DE SINAIS 1;1;1;0;0;0;0;0;0;0;0;2025-1;FUP;Software
LET0378;LINGUA CHINESA 3;1;1;0;0;0;0;0;0;0;0;2025-1;LET;Software
LIP0174;LÍNGUA DE SINAIS BRASILEIRA - BÁSICO;4;4;0;1;0;0;0;0;1;2;2025-1;LIP;Software
COM0132;LINGUAGENS DA COMUNICAÇÃO 2;1;1;0;0;0;0;0;0;0;0;2025-1;COM;Software
CIC0093;LINGUAGENS DE PROGRAMACAO;1;1;0;0;0;0;0;0;0;0;2025-1;CIC;Software
CCA0003;MANAGEMENT ACCOUNTING AND CONTROL SYSTEMS;1;1;1;0;0;0;0;0;0;1;2025-1;CCA;Software
FGA0085;MATEMÁTICA DISCRETA 1;2;212;5;92;0;7;0;0;11;115;2025-1;FGA;Software
FGA0108;MATEMÁTICA DISCRETA 2;2;129;7;36;0;1;0;0;14;58;2025-1;FGA;Software
IFD0069;MECÂNICA;1;1;0;1;0;0;0;0;0;1;2025-1;IFD;Software
FGA0154;MECANICA DOS SÓLIDOS 1 PARA ENGENHARIA;3;6;0;0;0;1;0;0;1;2;2025-1;FGA;Software
GPP0009;METODOLOGIA DE PESQUISA APLICADA À GPP;1;1;0;0;0;0;0;0;0;0;2025-1;GPP;Software
FGA0312;MÉTODOS DE DESENVOLVIMENTO DE SOFTWARE;3;187;4;16;0;1;0;0;7;28;2025-1;FGA;Software
FGA0188;MÉTODOS EXPERIMENTAIS PARA ENGENHARIA;1;2;0;1;0;0;0;0;0;1;2025-1;FGA;Software
FGA0160;MÉTODOS NUMÉRICOS PARA ENGENHARIA;3;144;5;17;0;4;0;0;22;48;2025-1;FGA;Software
CEM0067;MULTICULTURALISMO E BUDISMO NA CONTEMPORANEIDADE;1;2;0;0;0;1;0;0;1;2;2025-1;CEM;Software
FGA0090;ONDULATÓRIA E FÍSICA TÉRMICA PARA ENGENHARIA;1;2;0;0;0;1;0;0;0;1;2025-1;FGA;Software
FGA0158;ORIENTAÇÃO A OBJETOS;4;172;7;21;0;3;0;0;12;43;2025-1;FGA;Software
FGA0210;PARADIGMAS DE PROGRAMAÇÃO;1;125;5;41;0;3;0;0;7;56;2025-1;FGA;Software
FCTE0002;PARADIGMAS DE SOLUÇÃO DE PROBLEMAS;1;49;1;13;0;1;0;0;18;33;2025-1;FCT;Software
CEM0117;PENSAMENTO LGBT BRASILEIRO;1;1;0;0;0;0;0;0;0;0;2025-1;CEM;Software
FGA0069;PRÁTICA DE CIRCUITOS ELETRÔNICOS 1;2;6;0;0;0;0;0;0;2;2;2025-1;FGA;Software
FGA0071;PRÁTICA DE ELETRÔNICA DIGITAL 1;10;139;7;4;0;5;0;0;6;22;2025-1;FGA;Software
FGA0072;PRÁTICA DE ELETRÔNICA DIGITAL 2;2;2;0;0;0;0;0;0;0;0;2025-1;FGA;Software
FEF0105;PRÁTICA DESPORTIVA;2;2;0;0;0;0;0;0;1;1;2025-1;FEF;Software
LET0075;PRATICA DO JAPONES ORAL E ESCRITO 2;1;1;0;0;0;0;0;0;0;0;2025-1;LET;Software
EST0023;PROBABILIDADE E ESTATÍSTICA;4;9;0;2;0;1;0;0;2;5;2025-1;EST;Software
FGA0157;PROBABILIDADE E ESTATÍSTICA APLICADO A ENGENHARIA;2;75;5;4;0;1;0;0;2;12;2025-1;FGA;Software
FGA0244;PROGRAMAÇÃO PARA SISTEMAS PARALELOS E DISTRIBUÍDOS;2;121;4;16;0;6;0;0;13;39;2025-1;FGA;Software
FGA0198;PROJETO COM CIRCUITOS RECONFIGURAVEIS;1;1;0;0;0;0;0;0;0;0;2025-1;FGA;Software
FGA0124;PROJETO DE ALGORITMOS;1;128;0;2;0;4;0;0;3;9;2025-1;FGA;Software
CIC0189;PROJETO E ANÁLISE DE ALGORITMOS;1;1;0;0;0;0;0;0;0;0;2025-1;CIC;Software
FGA0303;PROJETO INTEGRADOR DE ENGENHARIA 1;5;144;3;2;0;0;0;0;11;16;2025-1;FGA;Software
FGA0304;PROJETO INTEGRADOR DE ENGENHARIA 2;5;100;0;0;0;0;0;0;1;1;2025-1;FGA;Software
CEM0051;PROMOÇÃO DA SAÚDE 3;1;57;0;10;0;0;0;0;6;16;2025-1;CEM;Software
PCL0015;PSICOLOGIA DA PERSONALIDADE 1;1;1;0;0;0;0;0;0;1;1;2025-1;PCL;Software
FGA0315;QUALIDADE DE SOFTWARE 1;2;118;0;13;0;2;0;0;4;19;2025-1;FGA;Software
IQD0126;QUIMICA GERAL EXPERIMENTAL;4;5;1;1;0;0;0;0;1;3;2025-1;IQD;Software
IQD0125;QUIMICA GERAL TEORICA;5;12;1;0;0;2;0;0;2;5;2025-1;IQD;Software
CIC0124;REDES DE COMPUTADORES;2;7;0;1;0;0;0;0;0;1;2025-1;CIC;Software
FGA0313;REQUISITOS DE SOFTWARE;3;160;0;4;0;0;0;0;2;6;2025-1;FGA;Software
CIC0201;SEGURANÇA COMPUTACIONAL;1;1;0;1;0;0;0;0;0;1;2025-1;CIC;Software
MAT0087;SEMINARIO TOPICOS ESPECIAIS;1;3;0;0;0;0;0;0;0;0;2025-1;MAT;Software
FGA0102;SINAIS E SISTEMAS PARA ENGENHARIA;1;1;0;0;0;0;0;0;0;0;2025-1;FGA;Software
FGA0167;SISTEMAS AUTOMOTIVOS;1;11;0;2;0;1;0;0;1;4;2025-1;FGA;Software
FGA0137;SISTEMAS DE BANCO DE DADOS 1;3;200;1;8;0;9;0;0;12;30;2025-1;FGA;Software
FGA0060;SISTEMAS DE BANCO DE DADOS 2;2;142;2;34;0;14;0;0;37;87;2025-1;FGA;Software
ENE0039;SISTEMAS DIGITAIS;1;2;0;0;0;0;0;0;2;2;2025-1;ENE;Software
FGA0309;SISTEMAS OPERACIONAIS EMBARCADOS;1;4;0;0;0;0;0;0;2;2;2025-1;FGA;Software
ADM0021;SOCIOLOGIA APLICADA À ADMINISTRAÇÃO;1;1;0;0;0;0;0;0;0;0;2025-1;ADM;Software
COM0207;TÉCNICAS DE JORNALISMO RÁDIO E TV;1;2;0;0;0;0;0;0;1;1;2025-1;COM;Software
FGA0242;TÉCNICAS DE PROGRAMAÇÃO EM PLATAFORMAS EMERGENTES;3;122;1;10;0;0;0;0;4;15;2025-1;FGA;Software
TEL0060;TEORIA DA NARRATIVA;1;1;0;0;0;0;0;0;0;0;2025-1;TEL;Software
FGA0067;TEORIA DE CIRCUITOS ELETRÔNICOS 1;2;8;0;2;0;0;0;0;3;5;2025-1;FGA;Software
FGA0086;TEORIA DE ELETRICIDADE APLICADA;1;1;0;0;0;0;0;0;1;1;2025-1;FGA;Software
FGA0073;TEORIA DE ELETRÔNICA DIGITAL 1;3;173;6;36;0;12;0;0;7;61;2025-1;FGA;Software
FGA0074;TEORIA DE ELETRÔNICA DIGITAL 2;1;2;0;0;0;0;0;0;0;0;2025-1;FGA;Software
MAT0038;TEORIA DOS NÚMEROS 1;2;12;0;1;0;0;0;0;1;2;2025-1;MAT;Software
FDD0249;TEORIA GERAL DO ESTADO;1;1;0;0;0;0;0;0;0;0;2025-1;FDD;Software
FGA0314;TESTES DE SOFTWARE;2;156;0;0;0;4;0;0;12;16;2025-1;FGA;Software
MUS0721;TÓPICOS DE APLICAÇÃO DE TECNOLOGIA À COMPOSIÇÃO MUSICAL;1;1;1;0;0;0;0;0;0;1;2025-1;MUS;Software
PPB0066;TOPICOS EM PSICOBIOLOGIA;1;1;0;0;0;0;0;0;0;0;2025-1;PPB;Software
FGA0261;TÓPICOS ESPECIAIS EM ELETRONICA;5;17;0;1;0;0;0;0;4;5;2025-1;FGA;Software
FGA0214;TÓPICOS ESPECIAIS EM ENGENHARIA AUTOMOTIVA;1;1;0;0;0;0;0;0;1;1;2025-1;FGA;Software
FGA0054;TÓPICOS ESPECIAIS EM GOVERNANÇA DE TECNOLOGIA DA INFORMAÇÃO;1;30;0;0;0;0;0;0;1;1;2025-1;FGA;Software
FGA0053;TÓPICOS ESPECIAIS EM PROGRAMAÇÃO;1;32;1;0;0;3;0;0;11;15;2025-1;FGA;Software
CEM0015;UNIVERSIDADE, SOCIEDADE E ESTADO;1;1;0;0;0;1;0;0;0;1;2025-1;CEM;Software
DSC0172;VIGILÂNCIA EPIDEMIOLÓGICA PARTICIPATIVA;1;245;8;11;0;0;0;0;5;24;2025-1;DSC;Software
FGA0266;ACÚSTICA E VIBRAÇÕESVEICULARES;1;7;1;1;0;0;0;0;0;2;2023-2;FGA;Automotiva
CIC0004;"ALGORITMOS E
PROGRAMAÇÃO DE 
COMPUTADORES";5;12;0;5;0;3;0;0;2;10;2023-2;CIC;Automotiva
FGA0229;ANÁLISE ESTRUTURALMÉTODO DOS ELEMENTOS FINITOS;1;21;1;6;0;0;0;0;0;7;2023-2;FGA;Automotiva
FGA0194;"ARQUITETURA DE
MOTORES DE COMBUSTÃO INTERNA";1;5;0;0;0;0;0;0;1;1;2023-2;FGA;Automotiva
MAT0025;CÁLCULO 1;4;18;0;13;0;0;0;0;2;15;2023-2;MAT;Automotiva
MAT0026;CÁLCULO 2;5;12;0;6;0;0;0;0;5;11;2023-2;MAT;Automotiva
MAT0027;CÁLCULO 3;4;6;1;1;0;0;0;0;1;3;2023-2;MAT;Automotiva
ADM0192;CALCULO FINANCEIRO;1;1;0;0;0;0;0;0;0;0;2023-2;ADM;Automotiva
FGA0168;"DESENHO INDUSTRIALASSISTIDO POR 
COMPUTADOR";6;14;0;3;0;1;0;0;2;6;2023-2;FGA;Automotiva
ENC0053;DESENHO TECNICO;1;1;0;0;0;0;0;0;1;1;2023-2;ENC;Automotiva
FGA0230;DINÂMICA DE VEÍCULOS;1;11;0;0;0;0;0;0;0;0;2023-2;FGA;Automotiva
FGA0023;DINÂMICA DOSMECANISMOS;1;15;0;9;0;1;0;0;3;13;2023-2;FGA;Automotiva
FGA0265;ECONOMIA DE ENERGIA;1;2;0;0;0;0;0;0;0;0;2023-2;FGA;Automotiva
FGA0166;ELEMENTOS E MÉTODOSEM ELETRÔNICA;1;1;0;0;0;0;0;0;0;0;2023-2;FGA;Automotiva
FGA0226;ELETRÔNICA VEICULAR;1;13;2;7;0;0;0;0;2;11;2023-2;FGA;Automotiva
FGA0284;ENGENHARIA DEMANUTENÇÃO;1;6;0;0;0;0;0;0;2;2;2023-2;FGA;Automotiva
FGA0175;ENGENHARIA DEPETRÓLEO E GÁS;1;1;0;1;0;0;0;0;0;1;2023-2;FGA;Automotiva
FGA0148;"ENGENHARIA DE
SEGURANÇA DO 
TRABALHO";2;5;0;0;0;0;0;0;0;0;2023-2;FGA;Automotiva
FGA0131;ENGENHARIA DESOFTWARE AUTOMOTIVO;1;6;0;2;0;0;0;0;4;6;2023-2;FGA;Automotiva
FGA0161;ENGENHARIA E AMBIENTE;3;9;0;1;0;1;0;0;1;3;2023-2;FGA;Automotiva
FGA0133;ENGENHARIA ECONÔMICA;3;8;0;0;0;2;0;0;0;2;2023-2;FGA;Automotiva
FGA0076;"EQUIPAMENTOS
TERMOFLUIDOS 
AUTOMOTIVOS";1;9;0;0;0;0;0;0;1;1;2023-2;FGA;Automotiva
FGA0152;ERGONOMIA DO PRODUTO;1;6;1;0;0;0;0;0;1;2;2023-2;FGA;Automotiva
FGA0147;ESTRUTURA DE DADOS EALGORITMOS;1;1;0;0;0;1;0;0;0;1;2023-2;FGA;Automotiva
ENM0080;FENOMENOS DETRANSPORTE;5;17;0;7;0;0;0;0;2;9;2023-2;ENM;Automotiva
IFD0171;FISICA 1;8;13;0;6;0;2;0;0;2;10;2023-2;IFD;Automotiva
IFD0173;FISICA 1 EXPERIMENTAL;6;7;0;2;0;0;0;0;0;2;2023-2;IFD;Automotiva
FGA0169;"FONTES DE ENERGIA ETECNOLOGIAS DE 
CONVERSÃO";1;2;0;0;0;0;0;0;0;0;2023-2;FGA;Automotiva
IGD0167;FUNDAMENTOS DAHISTÓRIA DA TERRA;1;1;1;0;0;0;0;0;0;1;2023-2;IGD;Automotiva
FGA0117;FUNDAMENTOS DEENERGIA NUCLEAR;1;1;0;0;0;0;0;0;0;0;2023-2;FGA;Automotiva
FGA0195;GESTÃO DA PRODUÇÃOAUTOMOTIVA;1;6;1;0;0;0;0;0;0;1;2023-2;FGA;Automotiva
FGA0184;GESTÃO DA PRODUÇÃO EQUALIDADE;2;7;0;1;0;0;0;0;0;1;2023-2;FGA;Automotiva
FGA0164;HUMANIDADES ECIDADANIA;4;14;0;3;0;1;0;0;3;7;2023-2;FGA;Automotiva
FGA0232;INTEGRAÇÃO E TESTES;1;5;0;0;0;0;0;0;1;1;2023-2;FGA;Automotiva
ADM0023;INTRODUÇÃO ÀADMINISTRAÇÃO;2;2;0;1;0;0;0;0;0;1;2023-2;ADM;Automotiva
MAT0031;INTRODUCAO A ALGEBRALINEAR;5;12;0;4;0;0;0;0;5;9;2023-2;MAT;Automotiva
FTD0007;INTRODUCAO A ATIVIDADEEMPRESARIAL;1;2;0;0;0;0;0;0;0;0;2023-2;FTD;Automotiva
CIC0007;INTRODUÇÃO À CIÊNCIADA COMPUTAÇÃO;2;2;1;0;0;0;0;0;0;1;2023-2;CIC;Automotiva
ECO0019;INTRODUÇÃO À ECONOMIA;1;1;0;1;0;0;0;0;0;1;2023-2;ECO;Automotiva
FGA0163;INTRODUÇÃO ÀENGENHARIA;2;7;0;0;0;2;0;0;0;2;2023-2;FGA;Automotiva
FGA0125;INTRODUÇÃO ÀGEOMETRIA ANALÍTICA;2;3;0;1;0;1;0;0;0;2;2023-2;FGA;Automotiva
FGA0285;INTRODUÇÃO À MECÂNICADA FRATURA;1;2;0;0;0;0;0;0;0;0;2023-2;FGA;Automotiva
FGA0155;INTRODUÇÃO AO DESIGN ECONCEPÇÃO DE VEÍCULOS;1;12;0;3;0;0;0;0;1;4;2023-2;FGA;Automotiva
FGA0087;LABORATÓRIO DEELETRICIDADE APLICADA;3;10;1;1;0;0;0;0;0;2;2023-2;FGA;Automotiva
FGA0075;"LABORATÓRIO DE
MATERIAIS DE 
CONSTRUÇÃO";6;9;0;2;0;0;0;0;0;2;2023-2;FGA;Automotiva
FGA0107;"LABORATÓRIO DE
ONDULATÓRIA E FÍSICA TÉRMICA PARA A 
ENGENHARIA";1;8;0;0;0;1;0;0;0;1;2023-2;FGA;Automotiva
FGA0191;MATERIAIS COMPOSTOS EPLÁSTICOS;1;10;1;4;0;0;0;0;0;5;2023-2;FGA;Automotiva
FGA0154;MECANICA DOS SÓLIDOS 1PARA ENGENHARIA;3;14;0;8;0;1;0;0;2;11;2023-2;FGA;Automotiva
FGA0179;MECANICA DOS SÓLIDOS 2PARA ENGENHARIA;1;8;0;3;0;2;0;0;1;6;2023-2;FGA;Automotiva
FGA0188;MÉTODOS EXPERIMENTAISPARA ENGENHARIA;1;11;0;2;0;1;0;0;2;5;2023-2;FGA;Automotiva
FGA0160;MÉTODOS NUMÉRICOSPARA ENGENHARIA;3;4;0;0;0;0;0;0;0;0;2023-2;FGA;Automotiva
FGA0259;MODELAGEM DE SISTEMASBIOLÓGICOS;1;1;0;0;0;0;0;0;0;0;2023-2;FGA;Automotiva
FDD0155;NOÇÕES DE DIREITO;1;1;0;0;0;0;0;0;0;0;2023-2;FDD;Automotiva
FGA0090;"ONDULATÓRIA E FÍSICATÉRMICA PARA 
ENGENHARIA";1;6;0;2;0;0;0;0;2;4;2023-2;FGA;Automotiva
EPR0068;ORGANIZAÇÃOINDUSTRIAL;1;1;0;0;0;0;0;0;0;0;2023-2;EPR;Automotiva
FGA0158;ORIENTAÇÃO A OBJETOS;1;1;0;1;0;0;0;0;0;1;2023-2;FGA;Automotiva
FGA0069;PRÁTICA DE CIRCUITOSELETRÔNICOS 1;3;4;0;1;0;0;0;0;1;2;2023-2;FGA;Automotiva
FGA0120;PRÁTICA DEELETROMAGNETISMO;2;2;0;0;0;0;0;0;0;0;2023-2;FGA;Automotiva
EST0023;PROBABILIDADE EESTATÍSTICA;1;1;0;1;0;0;0;0;0;1;2023-2;EST;Automotiva
FGA0157;"PROBABILIDADE E
ESTATÍSTICA APLICADO A ENGENHARIA";2;8;0;0;0;1;0;0;0;1;2023-2;FGA;Automotiva
FGA0190;PROJETO DE ELEMENTOSAUTOMOTIVOS;1;7;1;0;0;0;0;0;0;1;2023-2;FGA;Automotiva
FGA0267;PROJETO DE ESTRUTURASDE VEICULOS;1;12;0;1;0;0;0;0;1;2;2023-2;FGA;Automotiva
FGA0228;PROJETO DE SISTEMASAUTOMOTIVOS;1;10;0;1;0;0;0;0;1;2;2023-2;FGA;Automotiva
FGA0150;PROJETO INTEGRADOR DEENGENHARIA 1;1;8;2;1;0;0;0;0;0;3;2023-2;FGA;Automotiva
FGA0250;PROJETO INTEGRADOR DEENGENHARIA 2;1;10;0;0;0;0;0;0;0;0;2023-2;FGA;Automotiva
CEM0051;PROMOÇÃO DA SAÚDE 3;1;1;0;0;0;0;0;0;0;0;2023-2;CEM;Automotiva
IQD0126;QUIMICA GERALEXPERIMENTAL;10;11;1;2;0;1;0;0;1;5;2023-2;IQD;Automotiva
IQD0125;QUIMICA GERAL TEORICA;4;16;1;7;0;1;0;0;1;10;2023-2;IQD;Automotiva
FGA0102;SINAIS E SISTEMAS PARAENGENHARIA;2;6;0;0;0;0;0;0;1;1;2023-2;FGA;Automotiva
FGA0167;SISTEMAS AUTOMOTIVOS;1;6;0;0;0;0;0;0;0;0;2023-2;FGA;Automotiva
FGA0040;SISTEMAS DE CONTROLEAUTOMOTIVO;1;5;0;2;0;0;0;0;0;2;2023-2;FGA;Automotiva
FGA0270;SISTEMAS HIDRÁULICOS EPNEUMÁTICOS;1;1;0;0;0;0;0;0;0;0;2023-2;FGA;Automotiva
FGA0055;TECNOLOGIAS DEFABRICAÇÃO 1;1;7;0;0;0;0;0;0;1;1;2023-2;FGA;Automotiva
FGA0056;TECNOLOGIAS DEFABRICAÇÃO 2;1;6;0;0;0;0;0;0;0;0;2023-2;FGA;Automotiva
FGA0067;TEORIA DE CIRCUITOSELETRÔNICOS 1;2;8;0;2;0;0;0;0;2;4;2023-2;FGA;Automotiva
FGA0086;TEORIA DE ELETRICIDADEAPLICADA;2;9;0;4;0;0;0;0;2;6;2023-2;FGA;Automotiva
FGA0078;TEORIA DE MATERIAIS DECONSTRUÇÃO;2;14;0;11;0;0;0;0;0;11;2023-2;FGA;Automotiva
ENM0068;TERMODINAMICA 1;1;1;0;0;0;0;0;0;0;0;2023-2;ENM;Automotiva
PED0057;TOPICOS EM PSICOLOGIADO DESENVOLVIMENTO;1;2;0;0;0;0;0;0;0;0;2023-2;PED;Automotiva
FGA0134;"TÓPICOS ESPECIAIS DEENGENHARIA DE 
SOFTWARE";1;6;0;0;0;0;0;0;0;0;2023-2;FGA;Automotiva
FGA0214;TÓPICOS ESPECIAIS EMENGENHARIA AUTOMOTIVA;2;17;1;0;0;0;0;0;6;7;2023-2;FGA;Automotiva
DSC0172;"VIGILÂNCIA
EPIDEMIOLÓGICA 
PARTICIPATIVA";3;10;0;0;0;0;0;0;1;1;2023-2;DSC;Automotiva
FGA0266;ACÚSTICA E VIBRAÇÕESVEICULARES;1;7;0;0;0;0;0;0;0;0;2024-1;FGA;Automotiva
CIC0004;"ALGORITMOS E
PROGRAMAÇÃO DE 
COMPUTADORES";3;7;1;1;0;0;0;0;0;2;2024-1;CIC;Automotiva
FGA0229;ANÁLISE ESTRUTURALMÉTODO DOS ELEMENTOS FINITOS;1;16;0;0;0;0;0;0;0;0;2024-1;FGA;Automotiva
FGA0013;ANATOMIA E FISIOLOGIAHUMANA;1;1;0;0;0;0;0;0;0;0;2024-1;FGA;Automotiva
FGA0194;"ARQUITETURA DE
MOTORES DE COMBUSTÃO INTERNA";1;7;0;0;0;0;0;0;0;0;2024-1;FGA;Automotiva
MAT0025;CÁLCULO 1;4;9;2;0;0;0;0;0;0;2;2024-1;MAT;Automotiva
MAT0137;CÁLCULO 1 -SEMIPRESENCIAL;1;1;1;0;0;0;0;0;0;1;2024-1;MAT;Automotiva
MAT0026;CÁLCULO 2;4;7;1;2;0;0;0;0;0;3;2024-1;MAT;Automotiva
MAT0027;CÁLCULO 3;1;1;0;0;0;0;0;0;0;0;2024-1;MAT;Automotiva
FGA0168;"DESENHO INDUSTRIALASSISTIDO POR 
COMPUTADOR";4;9;0;1;0;0;0;0;0;1;2024-1;FGA;Automotiva
FGA0230;DINÂMICA DE VEÍCULOS;1;8;0;0;0;0;0;0;0;0;2024-1;FGA;Automotiva
FGA0023;DINÂMICA DOSMECANISMOS;1;5;0;0;0;0;0;0;0;0;2024-1;FGA;Automotiva
FGA0226;ELETRÔNICA VEICULAR;1;6;0;0;0;0;0;0;0;0;2024-1;FGA;Automotiva
FGA0284;ENGENHARIA DEMANUTENÇÃO;1;6;2;0;0;0;0;0;0;2;2024-1;FGA;Automotiva
FGA0175;ENGENHARIA DEPETRÓLEO E GÁS;1;2;0;0;0;1;0;0;0;1;2024-1;FGA;Automotiva
FGA0148;"ENGENHARIA DE
SEGURANÇA DO 
TRABALHO";2;14;2;0;0;1;0;0;0;3;2024-1;FGA;Automotiva
FGA0161;ENGENHARIA E AMBIENTE;3;6;0;1;0;0;0;0;0;1;2024-1;FGA;Automotiva
FGA0133;ENGENHARIA ECONÔMICA;2;9;2;0;0;0;0;0;0;2;2024-1;FGA;Automotiva
FGA0076;"EQUIPAMENTOS
TERMOFLUIDOS 
AUTOMOTIVOS";1;7;0;0;0;0;0;0;0;0;2024-1;FGA;Automotiva
FGA0152;ERGONOMIA DO PRODUTO;1;8;0;0;0;0;0;0;0;0;2024-1;FGA;Automotiva
ENM0080;FENOMENOS DETRANSPORTE;3;6;0;0;0;0;0;0;0;0;2024-1;ENM;Automotiva
IFD0171;FISICA 1;4;6;3;0;0;0;0;0;0;3;2024-1;IFD;Automotiva
IFD0173;FISICA 1 EXPERIMENTAL;5;7;1;1;0;0;0;0;0;2;2024-1;IFD;Automotiva
IFD0175;FISICA 2;1;1;0;0;0;0;0;0;0;0;2024-1;IFD;Automotiva
IFD0177;FISICA 2 EXPERIMENTAL;1;1;0;0;0;0;0;0;0;0;2024-1;IFD;Automotiva
FGA0141;GESTÃO AMBIENTAL NOSETOR ENERGÉTICO;1;1;0;0;0;0;0;0;0;0;2024-1;FGA;Automotiva
FGA0195;GESTÃO DA PRODUÇÃOAUTOMOTIVA;1;3;0;0;0;0;0;0;0;0;2024-1;FGA;Automotiva
FGA0184;GESTÃO DA PRODUÇÃO EQUALIDADE;2;6;0;0;0;0;0;0;0;0;2024-1;FGA;Automotiva
FGA0164;HUMANIDADES ECIDADANIA;4;16;3;0;0;1;0;0;0;4;2024-1;FGA;Automotiva
FGA0232;INTEGRAÇÃO E TESTES;1;2;1;0;0;0;0;0;0;1;2024-1;FGA;Automotiva
ADM0023;INTRODUÇÃO ÀADMINISTRAÇÃO;1;1;0;0;0;0;0;0;0;0;2024-1;ADM;Automotiva
MAT0031;INTRODUCAO A ALGEBRALINEAR;4;11;1;2;0;0;0;0;0;3;2024-1;MAT;Automotiva
CIC0007;INTRODUÇÃO À CIÊNCIADA COMPUTAÇÃO;1;1;0;0;0;0;0;0;0;0;2024-1;CIC;Automotiva
ECO0019;INTRODUÇÃO À ECONOMIA;1;2;1;0;0;0;0;0;0;1;2024-1;ECO;Automotiva
FGA0163;INTRODUÇÃO ÀENGENHARIA;3;8;0;1;0;0;0;0;0;1;2024-1;FGA;Automotiva
FGA0285;INTRODUÇÃO À MECÂNICADA FRATURA;1;3;0;0;0;0;0;0;0;0;2024-1;FGA;Automotiva
FGA0155;INTRODUÇÃO AO DESIGN ECONCEPÇÃO DE VEÍCULOS;1;4;0;1;0;0;0;0;0;1;2024-1;FGA;Automotiva
FGA0087;LABORATÓRIO DEELETRICIDADE APLICADA;3;4;0;1;0;0;0;0;0;1;2024-1;FGA;Automotiva
FGA0075;"LABORATÓRIO DE
MATERIAIS DE 
CONSTRUÇÃO";3;3;0;1;0;0;0;0;0;1;2024-1;FGA;Automotiva
FGA0107;"LABORATÓRIO DE
ONDULATÓRIA E FÍSICA TÉRMICA PARA A 
ENGENHARIA";1;6;1;0;0;0;0;0;0;1;2024-1;FGA;Automotiva
ENM0070;MAQUINAS TERMICAS;1;1;0;0;0;0;0;0;0;0;2024-1;ENM;Automotiva
FGA0191;MATERIAIS COMPOSTOS EPLÁSTICOS;1;7;0;0;0;0;0;0;0;0;2024-1;FGA;Automotiva
ENM0120;MECANICA 1;1;1;0;1;0;0;0;0;0;1;2024-1;ENM;Automotiva
FGA0039;"MECÂNICA DE
ESTRUTURAS 
AEROESPACIAIS";1;1;0;0;0;0;0;0;0;0;2024-1;FGA;Automotiva
FGA0154;MECANICA DOS SÓLIDOS 1PARA ENGENHARIA;2;11;1;0;0;1;0;0;0;2;2024-1;FGA;Automotiva
FGA0179;MECANICA DOS SÓLIDOS 2PARA ENGENHARIA;1;5;0;1;0;1;0;0;0;2;2024-1;FGA;Automotiva
FGA0188;MÉTODOS EXPERIMENTAISPARA ENGENHARIA;1;11;0;0;0;0;0;0;0;0;2024-1;FGA;Automotiva
FGA0090;"ONDULATÓRIA E FÍSICATÉRMICA PARA 
ENGENHARIA";1;6;1;0;0;2;0;0;0;3;2024-1;FGA;Automotiva
FGA0069;PRÁTICA DE CIRCUITOSELETRÔNICOS 1;1;1;0;0;0;0;0;0;0;0;2024-1;FGA;Automotiva
FGA0120;PRÁTICA DEELETROMAGNETISMO;1;1;0;0;0;0;0;0;0;0;2024-1;FGA;Automotiva
FGA0093;PRINCÍPIOS DE CONTROLE;1;1;0;0;0;0;0;0;0;0;2024-1;FGA;Automotiva
FGA0157;"PROBABILIDADE E
ESTATÍSTICA APLICADO A ENGENHARIA";2;5;1;0;0;0;0;0;0;1;2024-1;FGA;Automotiva
FGA0190;PROJETO DE ELEMENTOSAUTOMOTIVOS;1;3;0;0;0;0;0;0;0;0;2024-1;FGA;Automotiva
FGA0267;PROJETO DE ESTRUTURASDE VEICULOS;1;9;0;1;0;0;0;0;0;1;2024-1;FGA;Automotiva
FGA0228;PROJETO DE SISTEMASAUTOMOTIVOS;1;6;0;1;0;1;0;0;0;2;2024-1;FGA;Automotiva
FGA0150;PROJETO INTEGRADOR DEENGENHARIA 1;2;4;0;0;0;0;0;0;0;0;2024-1;FGA;Automotiva
FGA0250;PROJETO INTEGRADOR DEENGENHARIA 2;1;5;0;0;0;0;0;0;0;0;2024-1;FGA;Automotiva
IQD0126;QUIMICA GERALEXPERIMENTAL;3;5;0;3;0;0;0;0;0;3;2024-1;IQD;Automotiva
IQD0125;QUIMICA GERAL TEORICA;3;5;0;2;0;0;0;0;0;2;2024-1;IQD;Automotiva
FGA0104;QUÍMICA ORGÂNICAAPLICADA À ENGENHARIA;1;2;0;1;0;0;0;0;0;1;2024-1;FGA;Automotiva
FGA0102;SINAIS E SISTEMAS PARAENGENHARIA;2;5;0;0;0;1;0;0;0;1;2024-1;FGA;Automotiva
FGA0167;SISTEMAS AUTOMOTIVOS;1;6;0;1;0;0;0;0;0;1;2024-1;FGA;Automotiva
FGA0040;SISTEMAS DE CONTROLEAUTOMOTIVO;1;6;0;0;0;0;0;0;0;0;2024-1;FGA;Automotiva
FGA0270;SISTEMAS HIDRÁULICOS EPNEUMÁTICOS;1;6;0;0;0;0;0;0;0;0;2024-1;FGA;Automotiva
FGA0055;TECNOLOGIAS DEFABRICAÇÃO 1;1;8;0;0;0;0;0;0;0;0;2024-1;FGA;Automotiva
FGA0056;TECNOLOGIAS DEFABRICAÇÃO 2;1;3;0;0;0;0;0;0;0;0;2024-1;FGA;Automotiva
FGA0067;TEORIA DE CIRCUITOSELETRÔNICOS 1;2;4;0;0;0;1;0;0;0;1;2024-1;FGA;Automotiva
FGA0086;TEORIA DE ELETRICIDADEAPLICADA;1;4;0;0;0;0;0;0;0;0;2024-1;FGA;Automotiva
FGA0119;TEORIA DEELETROMAGNETISMO;1;1;0;0;0;0;0;0;0;0;2024-1;FGA;Automotiva
FGA0078;TEORIA DE MATERIAIS DECONSTRUÇÃO;2;11;1;3;0;0;0;0;0;4;2024-1;FGA;Automotiva
ENM0068;TERMODINAMICA 1;1;4;0;0;0;0;0;0;0;0;2024-1;ENM;Automotiva
FGA0134;"TÓPICOS ESPECIAIS DEENGENHARIA DE 
SOFTWARE";1;3;0;0;0;0;0;0;0;0;2024-1;FGA;Automotiva
FGA0261;TÓPICOS ESPECIAIS EMELETRONICA;1;1;0;0;0;0;0;0;0;0;2024-1;FGA;Automotiva
FGA0214;TÓPICOS ESPECIAIS EMENGENHARIA AUTOMOTIVA;1;9;0;1;0;0;0;0;0;1;2024-1;FGA;Automotiva
DSC0172;"VIGILÂNCIA
EPIDEMIOLÓGICA 
PARTICIPATIVA";1;12;1;1;0;0;0;0;0;2;2024-1;DSC;Automotiva
FGA0266;ACÚSTICA E VIBRAÇÕESVEICULARES;1;10;0;1;0;0;0;0;1;2;2024-2;FGA;Automotiva
MUS0254 ;ACÚSTICA MUSICAL 1;1;1;0;0;0;0;0;0;0;0;2024-2;MUS;Automotiva
CIC0004;"ALGORITMOS E
PROGRAMAÇÃO DE 
COMPUTADORES";4;6;0;3;0;0;0;0;0;3;2024-2;CIC;Automotiva
FGA0229;ANÁLISE ESTRUTURALMÉTODO DOS ELEMENTOS FINITOS;1;3;0;0;0;0;0;0;1;1;2024-2;FGA;Automotiva
CEM0136 ;A ORIGEM DA VIDA;1;1;0;0;0;0;0;0;1;1;2024-2;CEM;Automotiva
FGA0194;"ARQUITETURA DE
MOTORES DE COMBUSTÃO INTERNA";1;8;0;0;0;1;0;0;0;1;2024-2;FGA;Automotiva
MAT0025;CÁLCULO 1;2;8;0;1;0;2;0;0;2;5;2024-2;MAT;Automotiva
MAT0026;CÁLCULO 2;5;18;3;4;0;0;0;0;1;8;2024-2;MAT;Automotiva
MAT0027;CÁLCULO 3;2;7;0;4;0;1;0;0;0;5;2024-2;MAT;Automotiva
FGA0230;DINÂMICA DE VEÍCULOS;1;4;0;1;0;0;0;0;0;1;2024-2;FGA;Automotiva
FGA0023;DINÂMICA DOSMECANISMOS;1;33;0;8;0;0;0;0;6;14;2024-2;FGA;Automotiva
FGA0265;ECONOMIA DE ENERGIA;1;1;0;0;0;0;0;0;0;0;2024-2;FGA;Automotiva
FGA0226;ELETRÔNICA VEICULAR;1;13;0;5;0;0;0;0;0;5;2024-2;FGA;Automotiva
FGA0284;ENGENHARIA DEMANUTENÇÃO;1;7;0;0;0;1;0;0;2;3;2024-2;FGA;Automotiva
FGA0148;"ENGENHARIA DE
SEGURANÇA DO 
TRABALHO";1;6;0;1;0;0;0;0;0;1;2024-2;FGA;Automotiva
FGA0302;ENGENHARIA E AMBIENTE;2;3;1;1;0;0;0;0;1;3;2024-2;FGA;Automotiva
FGA0133;ENGENHARIA ECONÔMICA;2;6;0;1;0;0;0;0;0;1;2024-2;FGA;Automotiva
FGA0076;"EQUIPAMENTOS
TERMOFLUIDOS 
AUTOMOTIVOS";1;4;0;0;0;0;0;0;0;0;2024-2;FGA;Automotiva
FGA0152;ERGONOMIA DO PRODUTO;1;13;0;0;0;0;0;0;1;1;2024-2;FGA;Automotiva
FGA0320;FELICIDADE;1;8;0;0;0;0;0;0;1;1;2024-2;FGA;Automotiva
ENM0080;FENOMENOS DETRANSPORTE;2;5;0;2;0;0;0;0;0;2;2024-2;ENM;Automotiva
IFD0171;FISICA 1;5;16;2;6;0;3;0;0;2;13;2024-2;IFD;Automotiva
IFD0173;FISICA 1 EXPERIMENTAL;5;9;0;0;0;1;0;0;1;2;2024-2;IFD;Automotiva
IFD0175;FISICA 2;2;2;0;1;0;0;0;0;0;1;2024-2;IFD;Automotiva
FGA0169;"FONTES DE ENERGIA ETECNOLOGIAS DE 
CONVERSÃO";1;1;0;1;0;0;0;0;0;1;2024-2;FGA;Automotiva
FGA0117;FUNDAMENTOS DEENERGIA NUCLEAR;1;1;0;0;0;0;0;0;0;0;2024-2;FGA;Automotiva
FGA0195;GESTÃO DA PRODUÇÃOAUTOMOTIVA;1;2;0;0;0;0;0;0;0;0;2024-2;FGA;Automotiva
FGA0184;GESTÃO DA PRODUÇÃO EQUALIDADE;2;7;0;0;0;0;0;0;0;0;2024-2;FGA;Automotiva
FGA0164;HUMANIDADES ECIDADANIA;3;15;2;4;0;1;0;0;2;9;2024-2;FGA;Automotiva
FGA0232;INTEGRAÇÃO E TESTES;1;5;0;1;0;0;0;0;2;3;2024-2;FGA;Automotiva
MAT0031;INTRODUCAO A ALGEBRALINEAR;6;14;2;2;0;2;0;0;2;8;2024-2;MAT;Automotiva
FIL0165;INTRODUÇÃO À HISTÓRIADA FILOSOFIA;1;1;1;0;0;0;0;0;0;1;2024-2;FIL;Automotiva
FGA0285;INTRODUÇÃO À MECÂNICADA FRATURA;1;4;0;0;0;0;0;0;0;0;2024-2;FGA;Automotiva
ENC0035;INTRODUÇÃO À MECÂNICADOS SÓLIDOS;1;1;0;0;0;0;0;0;0;0;2024-2;ENC;Automotiva
FGA0155;INTRODUÇÃO AO DESIGN ECONCEPÇÃO DE VEÍCULOS;1;6;0;1;0;1;0;0;1;3;2024-2;FGA;Automotiva
PPB0014;INTRODUÇÃO ÀPSICOLOGIA;1;1;0;0;0;0;0;0;1;1;2024-2;PPB;Automotiva
FGA0087;LABORATÓRIO DEELETRICIDADE APLICADA;3;4;0;0;0;1;0;0;0;1;2024-2;FGA;Automotiva
FGA0075;"LABORATÓRIO DE
MATERIAIS DE 
CONSTRUÇÃO";5;7;1;0;0;1;0;0;0;2;2024-2;FGA;Automotiva
FGA0107;"LABORATÓRIO DE
ONDULATÓRIA E FÍSICA TÉRMICA PARA A 
ENGENHARIA";1;2;0;0;0;0;0;0;0;0;2024-2;FGA;Automotiva
FGA0191;MATERIAIS COMPOSTOS EPLÁSTICOS;1;7;1;1;0;0;0;0;0;2;2024-2;FGA;Automotiva
FGA0154;MECANICA DOS SÓLIDOS 1PARA ENGENHARIA;3;13;2;6;0;2;0;0;0;10;2024-2;FGA;Automotiva
FGA0179;MECANICA DOS SÓLIDOS 2PARA ENGENHARIA;1;13;0;9;0;0;0;0;0;9;2024-2;FGA;Automotiva
FGA0188;MÉTODOS EXPERIMENTAISPARA ENGENHARIA;1;10;1;3;0;2;0;0;2;8;2024-2;FGA;Automotiva
FGA0160;MÉTODOS NUMÉRICOSPARA ENGENHARIA;1;4;0;0;0;0;0;0;0;0;2024-2;FGA;Automotiva
FGA0090;"ONDULATÓRIA E FÍSICATÉRMICA PARA 
ENGENHARIA";1;4;0;1;0;1;0;0;0;2;2024-2;FGA;Automotiva
FGA0069;PRÁTICA DE CIRCUITOSELETRÔNICOS 1;3;4;0;0;0;1;0;0;0;1;2024-2;FGA;Automotiva
FGA0120;PRÁTICA DEELETROMAGNETISMO;2;2;0;1;0;0;0;0;0;1;2024-2;FGA;Automotiva
EST0023;PROBABILIDADE EESTATÍSTICA;2;2;0;2;0;0;0;0;0;2;2024-2;EST;Automotiva
FGA0157;"PROBABILIDADE E
ESTATÍSTICA APLICADO A ENGENHARIA";2;7;1;0;0;0;0;0;0;1;2024-2;FGA;Automotiva
FGA0190;PROJETO DE ELEMENTOSAUTOMOTIVOS;1;3;0;0;0;0;0;0;0;0;2024-2;FGA;Automotiva
FGA0267;PROJETO DE ESTRUTURASDE VEICULOS;1;8;1;0;0;0;0;0;0;1;2024-2;FGA;Automotiva
FGA0228;PROJETO DE SISTEMASAUTOMOTIVOS;1;11;0;3;0;0;0;0;0;3;2024-2;FGA;Automotiva
FGA0150;PROJETO INTEGRADOR DEENGENHARIA 1;3;9;0;0;0;0;0;0;1;1;2024-2;FGA;Automotiva
FGA0250;PROJETO INTEGRADOR DEENGENHARIA 2;1;8;0;0;0;0;0;0;0;0;2024-2;FGA;Automotiva
CEM0051 ;PROMOÇÃO DA SAÚDE 3;1;10;0;2;0;0;0;0;1;3;2024-2;CEM;Automotiva
TEF0011;PSICOLOGIA DAEDUCAÇÃO;1;1;0;0;0;0;0;0;0;0;2024-2;TEF;Automotiva
PCL0015;PSICOLOGIA DAPERSONALIDADE 1;1;1;0;0;0;0;0;0;0;0;2024-2;PCL;Automotiva
IQD0126;QUIMICA GERALEXPERIMENTAL;7;14;1;2;0;1;0;0;3;7;2024-2;IQD;Automotiva
IQD0125;QUIMICA GERAL TEORICA;4;9;1;5;0;0;0;0;2;8;2024-2;IQD;Automotiva
FGA0104;QUÍMICA ORGÂNICAAPLICADA À ENGENHARIA;1;2;0;1;0;0;0;0;0;1;2024-2;FGA;Automotiva
FGA0167;SISTEMAS AUTOMOTIVOS;1;5;0;0;0;1;0;0;0;1;2024-2;FGA;Automotiva
FGA0040;SISTEMAS DE CONTROLEAUTOMOTIVO;1;2;0;0;0;0;0;0;0;0;2024-2;FGA;Automotiva
FGA0270;SISTEMAS HIDRÁULICOS EPNEUMÁTICOS;1;3;0;0;0;0;0;0;0;0;2024-2;FGA;Automotiva
FGA0055;TECNOLOGIAS DEFABRICAÇÃO 1;1;6;0;0;0;0;0;0;1;1;2024-2;FGA;Automotiva
FGA0056;TECNOLOGIAS DEFABRICAÇÃO 2;1;6;0;0;0;0;0;0;0;0;2024-2;FGA;Automotiva
FGA0067;TEORIA DE CIRCUITOSELETRÔNICOS 1;2;13;0;3;0;4;0;0;1;8;2024-2;FGA;Automotiva
FGA0086;TEORIA DE ELETRICIDADEAPLICADA;2;8;0;3;0;1;0;0;0;4;2024-2;FGA;Automotiva
FGA0119;TEORIA DEELETROMAGNETISMO;1;2;0;1;0;0;0;0;0;1;2024-2;FGA;Automotiva
FGA0078;TEORIA DE MATERIAIS DECONSTRUÇÃO;2;12;1;7;0;1;0;0;0;9;2024-2;FGA;Automotiva
FGA0261;TÓPICOS ESPECIAIS EMELETRONICA;1;1;0;0;0;0;0;0;0;0;2024-2;FGA;Automotiva
FGA0214;TÓPICOS ESPECIAIS EMENGENHARIA AUTOMOTIVA;2;14;2;2;0;0;0;0;4;8;2024-2;FGA;Automotiva
DSC0172;"VIGILÂNCIA
EPIDEMIOLÓGICA 
PARTICIPATIVA";1;15;0;0;0;0;0;0;0;0;2024-2;DSC;Automotiva
FGA0266;ACÚSTICA E VIBRAÇÕESVEICULARES;1;4;0;0;0;1;0;0;0;1;2025-1;FGA;Automotiva
FGA0229;ANÁLISE ESTRUTURALMÉTODO DOS ELEMENTOS FINITOS;1;7;0;1;0;0;0;0;2;3;2025-1;FGA;Automotiva
FGA0194;"ARQUITETURA DE
MOTORES DE COMBUSTÃO INTERNA";1;2;0;0;0;1;0;0;0;1;2025-1;FGA;Automotiva
FDD0244;ATUALIZAÇÃO E PRÁTICADO DIREITO 3;1;1;0;1;0;0;0;0;0;1;2025-1;FDD;Automotiva
MAT0025;CÁLCULO 1;2;5;2;0;0;1;0;0;1;4;2025-1;MAT;Automotiva
MAT0026;CÁLCULO 2;5;15;2;5;0;0;0;0;1;8;2025-1;MAT;Automotiva
MAT0027;CÁLCULO 3;4;10;0;1;0;1;0;0;5;7;2025-1;MAT;Automotiva
FGA0168;"DESENHO INDUSTRIALASSISTIDO POR 
COMPUTADOR";1;1;0;1;0;0;0;0;0;1;2025-1;FGA;Automotiva
FGA0230;DINÂMICA DE VEÍCULOS;1;4;0;0;0;0;0;0;0;0;2025-1;FGA;Automotiva
FGA0023;DINÂMICA DOSMECANISMOS;1;5;0;0;0;0;0;0;1;1;2025-1;FGA;Automotiva
FGA0226;ELETRÔNICA VEICULAR;1;9;0;3;0;0;0;0;0;3;2025-1;FGA;Automotiva
FGA0175;ENGENHARIA DEPETRÓLEO E GÁS;1;2;0;0;0;0;0;0;0;0;2025-1;FGA;Automotiva
FGA0148;"ENGENHARIA DE
SEGURANÇA DO 
TRABALHO";2;7;1;0;0;1;0;0;1;3;2025-1;FGA;Automotiva
FGA0131;ENGENHARIA DESOFTWARE AUTOMOTIVO;1;1;0;0;0;0;0;0;1;1;2025-1;FGA;Automotiva
FGA0302;ENGENHARIA E AMBIENTE;2;5;0;0;0;1;0;0;0;1;2025-1;FGA;Automotiva
FGA0133;ENGENHARIA ECONÔMICA;2;5;0;0;0;0;0;0;1;1;2025-1;FGA;Automotiva
FGA0076;"EQUIPAMENTOS
TERMOFLUIDOS 
AUTOMOTIVOS";1;3;1;0;0;0;0;0;0;1;2025-1;FGA;Automotiva
FGA0152;ERGONOMIA DO PRODUTO;1;2;0;0;0;0;0;0;0;0;2025-1;FGA;Automotiva
FGA0320;FELICIDADE;1;4;0;0;0;0;0;0;1;1;2025-1;FGA;Automotiva
ENM0080;FENOMENOS DETRANSPORTE;5;7;0;6;0;0;0;0;1;7;2025-1;ENM;Automotiva
IFD0171;FISICA 1;6;9;2;2;0;1;0;0;2;7;2025-1;IFD;Automotiva
IFD0173;FISICA 1 EXPERIMENTAL;4;4;0;1;0;1;0;0;0;2;2025-1;IFD;Automotiva
IFD0175;FISICA 2;2;2;0;0;0;0;0;0;0;0;2025-1;IFD;Automotiva
FGA0141;GESTÃO AMBIENTAL NOSETOR ENERGÉTICO;1;2;0;0;0;0;0;0;1;1;2025-1;FGA;Automotiva
FGA0307;GESTÃO DA PRODUÇÃO EQUALIDADE;1;3;0;0;0;0;0;0;0;0;2025-1;FGA;Automotiva
FGA0164;HUMANIDADES ECIDADANIA;4;10;0;0;0;2;0;0;0;2;2025-1;FGA;Automotiva
FDD0004;INSTITUIÇÕES DE DIREITOPÚBLICO E PRIVADO;1;1;0;0;0;0;0;0;0;0;2025-1;FDD;Automotiva
FGA0232;INTEGRAÇÃO E TESTES;1;2;0;1;0;0;0;0;0;1;2025-1;FGA;Automotiva
MAT0031;INTRODUCAO A ALGEBRALINEAR;4;9;1;3;0;1;0;0;0;5;2025-1;MAT;Automotiva
POL0011;INTRODUÇÃO À CIÊNCIAPOLÍTICA;1;1;0;0;0;0;0;0;0;0;2025-1;POL;Automotiva
CCA0103;INTRODUÇÃO ÀCONTABILIDADE;2;2;0;1;0;0;0;0;0;1;2025-1;CCA;Automotiva
ECO0019;INTRODUÇÃO À ECONOMIA;3;3;0;0;0;0;0;0;1;1;2025-1;ECO;Automotiva
FGA0163;INTRODUÇÃO ÀENGENHARIA;1;1;0;1;0;0;0;0;0;1;2025-1;FGA;Automotiva
DAP0079;INTRODUÇÃO AFOTOGRAFIA;1;1;0;0;0;0;0;0;0;0;2025-1;DAP;Automotiva
FGA0285;INTRODUÇÃO À MECÂNICADA FRATURA;1;4;0;0;0;0;0;0;0;0;2025-1;FGA;Automotiva
ENC0035;INTRODUÇÃO À MECÂNICADOS SÓLIDOS;1;1;0;1;0;0;0;0;0;1;2025-1;ENC;Automotiva
CDS0007;"INTRODUÇÃO AO
DESENVOLVIMENTO 
SUSTENTÁVEL";1;1;0;0;0;0;0;0;0;0;2025-1;CDS;Automotiva
FGA0077;INTRODUÇÃO AODESGASTE;1;3;0;1;0;0;0;0;0;1;2025-1;FGA;Automotiva
FGA0155;INTRODUÇÃO AO DESIGN ECONCEPÇÃO DE VEÍCULOS;1;6;2;0;0;1;0;0;2;5;2025-1;FGA;Automotiva
FGA0087;LABORATÓRIO DEELETRICIDADE APLICADA;2;4;0;0;0;0;0;0;0;0;2025-1;FGA;Automotiva
FGA0075;"LABORATÓRIO DE
MATERIAIS DE 
CONSTRUÇÃO";1;1;0;0;0;0;0;0;0;0;2025-1;FGA;Automotiva
FGA0107;"LABORATÓRIO DE
ONDULATÓRIA E FÍSICA TÉRMICA PARA A 
ENGENHARIA";1;1;0;0;0;0;0;0;0;0;2025-1;FGA;Automotiva
LIP0174;LÍNGUA DE SINAISBRASILEIRA - BÁSICO;1;1;0;0;0;0;0;0;0;0;2025-1;LIP;Automotiva
FGA0191;MATERIAIS COMPOSTOS EPLÁSTICOS;1;5;0;0;0;1;0;0;1;2;2025-1;FGA;Automotiva
FGA0154;MECANICA DOS SÓLIDOS 1PARA ENGENHARIA;3;10;0;5;0;0;0;0;1;6;2025-1;FGA;Automotiva
FGA0179;MECANICA DOS SÓLIDOS 2PARA ENGENHARIA;1;9;2;3;0;0;0;0;0;5;2025-1;FGA;Automotiva
FGA0188;MÉTODOS EXPERIMENTAISPARA ENGENHARIA;1;7;1;2;0;0;0;0;1;4;2025-1;FGA;Automotiva
FGA0160;MÉTODOS NUMÉRICOSPARA ENGENHARIA;3;9;1;3;0;0;0;0;1;5;2025-1;FGA;Automotiva
FGA0090;"ONDULATÓRIA E FÍSICATÉRMICA PARA 
ENGENHARIA";1;9;0;2;0;2;0;0;1;5;2025-1;FGA;Automotiva
FGA0158;ORIENTAÇÃO A OBJETOS;2;1;0;0;0;0;0;0;1;1;2025-1;FGA;Automotiva
FGA0069;PRÁTICA DE CIRCUITOSELETRÔNICOS 1;3;12;2;0;0;4;0;0;2;8;2025-1;FGA;Automotiva
FGA0120;PRÁTICA DEELETROMAGNETISMO;2;3;0;0;0;0;0;0;1;1;2025-1;FGA;Automotiva
FEF0505;PRÁTICA DESPORTIVA 1;1;1;0;0;0;0;0;0;0;0;2025-1;FEF;Automotiva
EST0023;PROBABILIDADE EESTATÍSTICA;2;3;0;0;0;1;0;0;0;1;2025-1;EST;Automotiva
FGA0157;"PROBABILIDADE E
ESTATÍSTICA APLICADO A ENGENHARIA";2;6;0;0;0;1;0;0;0;1;2025-1;FGA;Automotiva
FGA0190;PROJETO DE ELEMENTOSAUTOMOTIVOS;1;2;0;0;0;0;0;0;0;0;2025-1;FGA;Automotiva
FGA0267;PROJETO DE ESTRUTURASDE VEICULOS;1;6;0;0;0;0;0;0;0;0;2025-1;FGA;Automotiva
FGA0228;PROJETO DE SISTEMASAUTOMOTIVOS;1;6;0;1;0;0;0;0;1;2;2025-1;FGA;Automotiva
FGA0303;PROJETO INTEGRADOR DEENGENHARIA 1;2;5;0;0;0;0;0;0;0;0;2025-1;FGA;Automotiva
FGA0304;PROJETO INTEGRADOR DEENGENHARIA 2;2;6;0;0;0;0;0;0;0;0;2025-1;FGA;Automotiva
CEM0051;PROMOÇÃO DA SAÚDE 3;1;1;0;0;0;0;0;0;1;1;2025-1;CEM;Automotiva
IQD0126;QUIMICA GERALEXPERIMENTAL;5;8;0;2;0;1;0;0;0;3;2025-1;IQD;Automotiva
IQD0125;QUIMICA GERAL TEORICA;4;12;1;1;0;3;0;0;3;8;2025-1;IQD;Automotiva
FGA0104;QUÍMICA ORGÂNICAAPLICADA À ENGENHARIA;1;1;0;0;0;0;0;0;0;0;2025-1;FGA;Automotiva
FGA0233;SENSORES ETRANSDUTORES;1;7;0;2;0;0;0;0;0;2;2025-1;FGA;Automotiva
FGA0102;SINAIS E SISTEMAS PARAENGENHARIA;1;4;0;0;0;1;0;0;0;1;2025-1;FGA;Automotiva
FGA0167;SISTEMAS AUTOMOTIVOS;1;4;0;2;0;2;0;0;0;4;2025-1;FGA;Automotiva
FGA0040;SISTEMAS DE CONTROLEAUTOMOTIVO;1;3;0;1;0;0;0;0;1;2;2025-1;FGA;Automotiva
FGA0270;SISTEMAS HIDRÁULICOS EPNEUMÁTICOS;1;3;0;0;0;0;0;0;0;0;2025-1;FGA;Automotiva
FGA0055;TECNOLOGIAS DEFABRICAÇÃO 1;1;10;1;2;0;0;0;0;0;3;2025-1;FGA;Automotiva
FGA0056;TECNOLOGIAS DEFABRICAÇÃO 2;1;5;0;4;0;0;0;0;0;4;2025-1;FGA;Automotiva
FGA0067;TEORIA DE CIRCUITOSELETRÔNICOS 1;2;13;2;4;0;2;0;0;1;9;2025-1;FGA;Automotiva
FGA0086;TEORIA DE ELETRICIDADEAPLICADA;2;9;0;0;0;0;0;0;0;0;2025-1;FGA;Automotiva
FGA0119;TEORIA DEELETROMAGNETISMO;2;3;0;0;0;0;0;0;1;1;2025-1;FGA;Automotiva
FGA0078;TEORIA DE MATERIAIS DECONSTRUÇÃO;2;4;0;1;0;0;0;0;1;2;2025-1;FGA;Automotiva
FGA0088;TEORIA DE SISTEMAS DECONVERSÃO DE ENERGIA;1;1;0;0;0;0;0;0;0;0;2025-1;FGA;Automotiva
FGA0214;TÓPICOS ESPECIAIS EMENGENHARIA AUTOMOTIVA;2;14;1;0;0;4;0;0;5;10;2025-1;FGA;Automotiva
DSC0172;"VIGILÂNCIA
EPIDEMIOLÓGICA 
PARTICIPATIVA";1;11;0;3;0;0;0;0;1;4;2025-1;DSC;Automotiva
